,N,Speed,Max,Pat,R_A
0,0,100,0.0,1,3
1,5,100,0.024998,1,3
2,10,100,0.050002,1,3
3,15,100,0.074974,1,3
4,20,100,0.099978,1,3
5,25,100,0.124972,1,3
6,30,100,0.149936,1,3
7,35,100,0.174936,1,3
8,40,100,0.199928,1,3
9,45,100,0.22493,1,3
10,50,100,0.24988,1,3
11,55,100,0.274898,1,3
12,60,100,0.299852,1,3
13,65,100,0.324826,1,3
14,70,100,0.349786,1,3
15,75,100,0.37483,1,3
16,80,100,0.399778,1,3
17,85,100,0.42472,1,3
18,90,100,0.449734,1,3
19,95,100,0.474664,1,3
20,100,100,0.499588,1,3
21,105,100,0.524598,1,3
22,110,100,0.549436,1,3
23,115,100,0.5744,1,3
24,120,100,0.599262,1,3
25,125,100,0.624336,1,3
26,130,100,0.64927,1,3
27,135,100,0.67416,1,3
28,140,100,0.699246,1,3
29,145,100,0.724152,1,3
30,150,100,0.74899,1,3
31,155,100,0.773586,1,3
32,160,100,0.798606,1,3
33,165,100,0.823646,1,3
34,170,100,0.848296,1,3
35,175,100,0.873028,1,3
36,180,100,0.897744,1,3
37,185,100,0.922786,1,3
38,190,100,0.947318,1,3
39,195,100,0.970896,1,3
40,200,100,0.844212,1,3
41,205,100,0.849512,1,3
42,210,100,0.926122,1,3
43,215,100,0.86222,1,3
44,220,100,0.873198,1,3
45,225,100,0.876086,1,3
46,230,100,0.882296,1,3
47,235,100,0.889994,1,3
48,240,100,0.897478,1,3
49,245,100,0.900254,1,3
50,250,100,0.907758,1,3
51,255,100,0.914332,1,3
52,260,100,0.919544,1,3
53,265,100,0.92793,1,3
54,270,100,0.933228,1,3
55,275,100,0.938456,1,3
56,280,100,0.945892,1,3
57,285,100,0.953858,1,3
58,290,100,0.958326,1,3
59,295,100,0.962388,1,3
60,300,100,0.970872,1,3
61,305,100,0.97414,1,3
62,310,100,0.982514,1,3
63,315,100,0.98723,1,3
64,320,100,0.99316,1,3
65,325,100,0.99633,1,3
66,330,100,0.999876,1,3
67,335,100,1.000084,1,3
68,340,100,0.999526,1,3
69,345,100,1.000128,1,3
70,350,100,1.000924,1,3
71,355,100,1.000898,1,3
72,360,100,1.000588,1,3
73,365,100,1.001018,1,3
74,370,100,1.001068,1,3
75,375,100,1.001032,1,3
76,380,100,1.001206,1,3
77,385,100,1.001272,1,3
78,390,100,1.001264,1,3
79,395,100,1.001114,1,3
80,400,100,1.001474,1,3
81,405,100,1.001554,1,3
82,410,100,1.001682,1,3
83,415,100,1.00164,1,3
84,420,100,1.001718,1,3
85,425,100,1.001944,1,3
86,430,100,1.001706,1,3
87,435,100,1.001746,1,3
88,440,100,1.001988,1,3
89,445,100,1.001782,1,3
90,450,100,1.002138,1,3
91,455,100,1.0021,1,3
92,460,100,1.002068,1,3
93,465,100,1.002086,1,3
94,470,100,1.002508,1,3
95,475,100,1.002244,1,3
96,480,100,1.002234,1,3
97,485,100,1.002322,1,3
98,490,100,1.002378,1,3
99,495,100,1.002288,1,3
100,500,100,1.002504,1,3
101,505,100,1.002634,1,3
102,510,100,1.002346,1,3
103,515,100,1.002318,1,3
104,520,100,1.002596,1,3
105,525,100,1.002638,1,3
106,530,100,1.002634,1,3
107,535,100,1.002678,1,3
108,540,100,1.002876,1,3
109,545,100,1.002802,1,3
110,550,100,1.002948,1,3
111,555,100,1.00297,1,3
112,560,100,1.003052,1,3
113,565,100,1.002928,1,3
114,570,100,1.003256,1,3
115,575,100,1.003092,1,3
116,580,100,1.003148,1,3
117,585,100,1.00327,1,3
118,590,100,1.003284,1,3
119,595,100,1.003422,1,3
120,600,100,1.003358,1,3
121,605,100,1.003464,1,3
122,610,100,1.003572,1,3
123,615,100,1.003404,1,3
124,620,100,1.00373,1,3
125,625,100,1.003468,1,3
126,630,100,1.003502,1,3
127,635,100,1.003938,1,3
128,640,100,1.003644,1,3
129,645,100,1.003602,1,3
130,650,100,1.00384,1,3
131,655,100,1.00381,1,3
132,660,100,1.004014,1,3
133,665,100,1.003942,1,3
134,670,100,1.004148,1,3
135,675,100,1.004018,1,3
136,680,100,1.00411,1,3
137,685,100,1.003866,1,3
138,690,100,1.004194,1,3
139,695,100,1.004186,1,3
140,700,100,1.004392,1,3
141,705,100,1.004616,1,3
142,710,100,1.004404,1,3
143,715,100,1.004404,1,3
144,720,100,1.004354,1,3
145,725,100,1.00446,1,3
146,730,100,1.00431,1,3
147,735,100,1.004772,1,3
148,740,100,1.004558,1,3
149,745,100,1.00483,1,3
150,750,100,1.004884,1,3
151,755,100,1.004618,1,3
152,760,100,1.004762,1,3
153,765,100,1.004708,1,3
154,770,100,1.005022,1,3
155,775,100,1.004656,1,3
156,780,100,1.005126,1,3
157,785,100,1.00507,1,3
158,790,100,1.00512,1,3
159,795,100,1.005176,1,3
160,800,100,1.005356,1,3
161,805,100,1.00554,1,3
162,810,100,1.005094,1,3
163,815,100,1.00552,1,3
164,820,100,1.00523,1,3
165,825,100,1.00506,1,3
166,830,100,1.005772,1,3
167,835,100,1.005872,1,3
168,840,100,1.005856,1,3
169,845,100,1.005418,1,3
170,850,100,1.005454,1,3
171,855,100,1.005766,1,3
172,860,100,1.005886,1,3
173,865,100,1.005934,1,3
174,870,100,1.005868,1,3
175,875,100,1.005874,1,3
176,880,100,1.005592,1,3
177,885,100,1.006278,1,3
178,890,100,1.00606,1,3
179,895,100,1.006096,1,3
180,900,100,1.006292,1,3
181,905,100,1.0062,1,3
182,910,100,1.006314,1,3
183,915,100,1.006156,1,3
184,920,100,1.006654,1,3
185,925,100,1.006232,1,3
186,930,100,1.006298,1,3
187,935,100,1.006276,1,3
188,940,100,1.00664,1,3
189,945,100,1.006458,1,3
190,950,100,1.006606,1,3
191,955,100,1.006918,1,3
192,960,100,1.006784,1,3
193,965,100,1.006378,1,3
194,970,100,1.00658,1,3
195,975,100,1.006414,1,3
196,980,100,1.00657,1,3
197,985,100,1.007042,1,3
198,990,100,1.006936,1,3
199,995,100,1.007274,1,3
200,1000,100,1.007056,1,3
201,0,100,0.0,1,3
202,5,100,0.025,1,3
203,10,100,0.049978,1,3
204,15,100,0.074988,1,3
205,20,100,0.099986,1,3
206,25,100,0.124968,1,3
207,30,100,0.149964,1,3
208,35,100,0.174946,1,3
209,40,100,0.199928,1,3
210,45,100,0.224888,1,3
211,50,100,0.24992,1,3
212,55,100,0.27488,1,3
213,60,100,0.299864,1,3
214,65,100,0.324844,1,3
215,70,100,0.349746,1,3
216,75,100,0.374806,1,3
217,80,100,0.399712,1,3
218,85,100,0.424654,1,3
219,90,100,0.449658,1,3
220,95,100,0.474674,1,3
221,100,100,0.49965,1,3
222,105,100,0.52462,1,3
223,110,100,0.549664,1,3
224,115,100,0.574396,1,3
225,120,100,0.599426,1,3
226,125,100,0.624486,1,3
227,130,100,0.649368,1,3
228,135,100,0.674264,1,3
229,140,100,0.699314,1,3
230,145,100,0.723944,1,3
231,150,100,0.748882,1,3
232,155,100,0.77381,1,3
233,160,100,0.798862,1,3
234,165,100,0.823824,1,3
235,170,100,0.848232,1,3
236,175,100,0.873252,1,3
237,180,100,0.897496,1,3
238,185,100,0.92056,1,3
239,190,100,0.946288,1,3
240,195,100,0.836348,1,3
241,200,100,0.994246,1,3
242,205,100,0.960624,1,3
243,210,100,0.926778,1,3
244,215,100,0.863,1,3
245,220,100,0.868746,1,3
246,225,100,0.879214,1,3
247,230,100,0.883072,1,3
248,235,100,0.890002,1,3
249,240,100,0.894312,1,3
250,245,100,0.90191,1,3
251,250,100,0.906012,1,3
252,255,100,0.913804,1,3
253,260,100,0.9191,1,3
254,265,100,0.926534,1,3
255,270,100,0.931008,1,3
256,275,100,0.939936,1,3
257,280,100,0.945592,1,3
258,285,100,0.952298,1,3
259,290,100,0.956858,1,3
260,295,100,0.962846,1,3
261,300,100,0.970344,1,3
262,305,100,0.975134,1,3
263,310,100,0.982634,1,3
264,315,100,0.986086,1,3
265,320,100,0.989042,1,3
266,325,100,0.995854,1,3
267,330,100,0.999802,1,3
268,335,100,1.00033,1,3
269,340,100,1.00036,1,3
270,345,100,1.000648,1,3
271,350,100,1.00039,1,3
272,355,100,1.00069,1,3
273,360,100,1.000692,1,3
274,365,100,1.001118,1,3
275,370,100,1.00131,1,3
276,375,100,1.001278,1,3
277,380,100,1.00119,1,3
278,385,100,1.001374,1,3
279,390,100,1.001534,1,3
280,395,100,1.001366,1,3
281,400,100,1.00142,1,3
282,405,100,1.001686,1,3
283,410,100,1.001658,1,3
284,415,100,1.00155,1,3
285,420,100,1.00156,1,3
286,425,100,1.001702,1,3
287,430,100,1.002028,1,3
288,435,100,1.001762,1,3
289,440,100,1.001886,1,3
290,445,100,1.001926,1,3
291,450,100,1.001906,1,3
292,455,100,1.00197,1,3
293,460,100,1.002112,1,3
294,465,100,1.002146,1,3
295,470,100,1.002116,1,3
296,475,100,1.00212,1,3
297,480,100,1.00244,1,3
298,485,100,1.002284,1,3
299,490,100,1.002236,1,3
300,495,100,1.002324,1,3
301,500,100,1.00248,1,3
302,505,100,1.002614,1,3
303,510,100,1.002746,1,3
304,515,100,1.002672,1,3
305,520,100,1.00264,1,3
306,525,100,1.002714,1,3
307,530,100,1.002808,1,3
308,535,100,1.002728,1,3
309,540,100,1.003016,1,3
310,545,100,1.003026,1,3
311,550,100,1.003012,1,3
312,555,100,1.003094,1,3
313,560,100,1.002808,1,3
314,565,100,1.002962,1,3
315,570,100,1.00303,1,3
316,575,100,1.002978,1,3
317,580,100,1.003276,1,3
318,585,100,1.003512,1,3
319,590,100,1.003182,1,3
320,595,100,1.003426,1,3
321,600,100,1.00328,1,3
322,605,100,1.003318,1,3
323,610,100,1.003528,1,3
324,615,100,1.00356,1,3
325,620,100,1.003536,1,3
326,625,100,1.00361,1,3
327,630,100,1.003588,1,3
328,635,100,1.003866,1,3
329,640,100,1.003618,1,3
330,645,100,1.00377,1,3
331,650,100,1.003904,1,3
332,655,100,1.003802,1,3
333,660,100,1.004174,1,3
334,665,100,1.00399,1,3
335,670,100,1.004002,1,3
336,675,100,1.004198,1,3
337,680,100,1.003944,1,3
338,685,100,1.003952,1,3
339,690,100,1.004004,1,3
340,695,100,1.004336,1,3
341,700,100,1.004542,1,3
342,705,100,1.004324,1,3
343,710,100,1.004438,1,3
344,715,100,1.00464,1,3
345,720,100,1.004438,1,3
346,725,100,1.004574,1,3
347,730,100,1.004802,1,3
348,735,100,1.004536,1,3
349,740,100,1.004628,1,3
350,745,100,1.004728,1,3
351,750,100,1.00467,1,3
352,755,100,1.004732,1,3
353,760,100,1.004674,1,3
354,765,100,1.004986,1,3
355,770,100,1.004936,1,3
356,775,100,1.005204,1,3
357,780,100,1.005146,1,3
358,785,100,1.005484,1,3
359,790,100,1.005264,1,3
360,795,100,1.005672,1,3
361,800,100,1.005292,1,3
362,805,100,1.005216,1,3
363,810,100,1.005166,1,3
364,815,100,1.005486,1,3
365,820,100,1.005234,1,3
366,825,100,1.005436,1,3
367,830,100,1.005308,1,3
368,835,100,1.005434,1,3
369,840,100,1.005598,1,3
370,845,100,1.005372,1,3
371,850,100,1.005376,1,3
372,855,100,1.00557,1,3
373,860,100,1.005406,1,3
374,865,100,1.005862,1,3
375,870,100,1.00568,1,3
376,875,100,1.005754,1,3
377,880,100,1.00562,1,3
378,885,100,1.006024,1,3
379,890,100,1.006182,1,3
380,895,100,1.006148,1,3
381,900,100,1.005996,1,3
382,905,100,1.006322,1,3
383,910,100,1.006162,1,3
384,915,100,1.00622,1,3
385,920,100,1.006086,1,3
386,925,100,1.006184,1,3
387,930,100,1.00594,1,3
388,935,100,1.006174,1,3
389,940,100,1.00629,1,3
390,945,100,1.006464,1,3
391,950,100,1.006346,1,3
392,955,100,1.006322,1,3
393,960,100,1.006804,1,3
394,965,100,1.006646,1,3
395,970,100,1.00653,1,3
396,975,100,1.006868,1,3
397,980,100,1.007132,1,3
398,985,100,1.006876,1,3
399,990,100,1.00705,1,3
400,995,100,1.006918,1,3
401,1000,100,1.00717,1,3
402,0,100,0.0,1,3
403,5,100,0.025004,1,3
404,10,100,0.050004,1,3
405,15,100,0.074986,1,3
406,20,100,0.100004,1,3
407,25,100,0.12494,1,3
408,30,100,0.149946,1,3
409,35,100,0.174932,1,3
410,40,100,0.199944,1,3
411,45,100,0.224924,1,3
412,50,100,0.2499,1,3
413,55,100,0.274868,1,3
414,60,100,0.2999,1,3
415,65,100,0.324834,1,3
416,70,100,0.349804,1,3
417,75,100,0.374876,1,3
418,80,100,0.399814,1,3
419,85,100,0.424712,1,3
420,90,100,0.449704,1,3
421,95,100,0.47472,1,3
422,100,100,0.499602,1,3
423,105,100,0.524538,1,3
424,110,100,0.549572,1,3
425,115,100,0.574542,1,3
426,120,100,0.599412,1,3
427,125,100,0.62448,1,3
428,130,100,0.649316,1,3
429,135,100,0.674158,1,3
430,140,100,0.698958,1,3
431,145,100,0.724148,1,3
432,150,100,0.74895,1,3
433,155,100,0.774004,1,3
434,160,100,0.798258,1,3
435,165,100,0.82348,1,3
436,170,100,0.848504,1,3
437,175,100,0.87339,1,3
438,180,100,0.898108,1,3
439,185,100,0.922602,1,3
440,190,100,0.946208,1,3
441,195,100,0.97119,1,3
442,200,100,0.903,1,3
443,205,100,0.96122,1,3
444,210,100,0.968874,1,3
445,215,100,0.861642,1,3
446,220,100,0.983464,1,3
447,225,100,0.874196,1,3
448,230,100,0.882098,1,3
449,235,100,0.887946,1,3
450,240,100,0.894956,1,3
451,245,100,0.90184,1,3
452,250,100,0.90656,1,3
453,255,100,0.915588,1,3
454,260,100,0.919266,1,3
455,265,100,0.927224,1,3
456,270,100,0.933728,1,3
457,275,100,0.938706,1,3
458,280,100,0.948096,1,3
459,285,100,0.950748,1,3
460,290,100,0.95698,1,3
461,295,100,0.963024,1,3
462,300,100,0.968688,1,3
463,305,100,0.976364,1,3
464,310,100,0.981414,1,3
465,315,100,0.987632,1,3
466,320,100,0.993054,1,3
467,325,100,0.99578,1,3
468,330,100,0.99951,1,3
469,335,100,1.00079,1,3
470,340,100,0.99931,1,3
471,345,100,1.00082,1,3
472,350,100,1.00082,1,3
473,355,100,1.00098,1,3
474,360,100,1.00107,1,3
475,365,100,1.001206,1,3
476,370,100,1.001094,1,3
477,375,100,1.001254,1,3
478,380,100,1.001288,1,3
479,385,100,1.001308,1,3
480,390,100,1.001218,1,3
481,395,100,1.001436,1,3
482,400,100,1.001508,1,3
483,405,100,1.001568,1,3
484,410,100,1.001706,1,3
485,415,100,1.00148,1,3
486,420,100,1.001724,1,3
487,425,100,1.001728,1,3
488,430,100,1.001622,1,3
489,435,100,1.0018,1,3
490,440,100,1.001964,1,3
491,445,100,1.00193,1,3
492,450,100,1.002064,1,3
493,455,100,1.001862,1,3
494,460,100,1.00208,1,3
495,465,100,1.001942,1,3
496,470,100,1.002278,1,3
497,475,100,1.00228,1,3
498,480,100,1.0024,1,3
499,485,100,1.002362,1,3
500,490,100,1.00254,1,3
501,495,100,1.002198,1,3
502,500,100,1.002578,1,3
503,505,100,1.002464,1,3
504,510,100,1.002484,1,3
505,515,100,1.002568,1,3
506,520,100,1.002894,1,3
507,525,100,1.002786,1,3
508,530,100,1.002606,1,3
509,535,100,1.002782,1,3
510,540,100,1.002844,1,3
511,545,100,1.00284,1,3
512,550,100,1.002918,1,3
513,555,100,1.00302,1,3
514,560,100,1.00319,1,3
515,565,100,1.003032,1,3
516,570,100,1.003386,1,3
517,575,100,1.003226,1,3
518,580,100,1.003254,1,3
519,585,100,1.003118,1,3
520,590,100,1.003222,1,3
521,595,100,1.003258,1,3
522,600,100,1.003432,1,3
523,605,100,1.003224,1,3
524,610,100,1.003548,1,3
525,615,100,1.00317,1,3
526,620,100,1.003456,1,3
527,625,100,1.003656,1,3
528,630,100,1.003776,1,3
529,635,100,1.0037,1,3
530,640,100,1.003802,1,3
531,645,100,1.003734,1,3
532,650,100,1.003914,1,3
533,655,100,1.00387,1,3
534,660,100,1.00366,1,3
535,665,100,1.004052,1,3
536,670,100,1.004082,1,3
537,675,100,1.003812,1,3
538,680,100,1.004134,1,3
539,685,100,1.004086,1,3
540,690,100,1.003946,1,3
541,695,100,1.004442,1,3
542,700,100,1.00442,1,3
543,705,100,1.004192,1,3
544,710,100,1.004284,1,3
545,715,100,1.00467,1,3
546,720,100,1.004418,1,3
547,725,100,1.004538,1,3
548,730,100,1.00473,1,3
549,735,100,1.004318,1,3
550,740,100,1.004662,1,3
551,745,100,1.00451,1,3
552,750,100,1.00467,1,3
553,755,100,1.004874,1,3
554,760,100,1.00493,1,3
555,765,100,1.005072,1,3
556,770,100,1.004924,1,3
557,775,100,1.00476,1,3
558,780,100,1.005038,1,3
559,785,100,1.0051,1,3
560,790,100,1.005294,1,3
561,795,100,1.005152,1,3
562,800,100,1.005034,1,3
563,805,100,1.005422,1,3
564,810,100,1.005304,1,3
565,815,100,1.00551,1,3
566,820,100,1.005432,1,3
567,825,100,1.005436,1,3
568,830,100,1.005436,1,3
569,835,100,1.005162,1,3
570,840,100,1.00553,1,3
571,845,100,1.005746,1,3
572,850,100,1.005684,1,3
573,855,100,1.00574,1,3
574,860,100,1.005776,1,3
575,865,100,1.005976,1,3
576,870,100,1.005558,1,3
577,875,100,1.005772,1,3
578,880,100,1.005996,1,3
579,885,100,1.006142,1,3
580,890,100,1.00584,1,3
581,895,100,1.005752,1,3
582,900,100,1.006114,1,3
583,905,100,1.006268,1,3
584,910,100,1.006146,1,3
585,915,100,1.006384,1,3
586,920,100,1.006622,1,3
587,925,100,1.0063,1,3
588,930,100,1.006406,1,3
589,935,100,1.006056,1,3
590,940,100,1.006104,1,3
591,945,100,1.006518,1,3
592,950,100,1.006286,1,3
593,955,100,1.006644,1,3
594,960,100,1.006434,1,3
595,965,100,1.006106,1,3
596,970,100,1.007124,1,3
597,975,100,1.006718,1,3
598,980,100,1.006668,1,3
599,985,100,1.00666,1,3
600,990,100,1.006676,1,3
601,995,100,1.007014,1,3
602,1000,100,1.006696,1,3
603,0,100,0.0,1,3
604,5,100,0.024984,1,3
605,10,100,0.049994,1,3
606,15,100,0.074986,1,3
607,20,100,0.100014,1,3
608,25,100,0.124936,1,3
609,30,100,0.149976,1,3
610,35,100,0.175004,1,3
611,40,100,0.199854,1,3
612,45,100,0.224858,1,3
613,50,100,0.249928,1,3
614,55,100,0.274892,1,3
615,60,100,0.299812,1,3
616,65,100,0.324808,1,3
617,70,100,0.349866,1,3
618,75,100,0.3748,1,3
619,80,100,0.399738,1,3
620,85,100,0.424754,1,3
621,90,100,0.449678,1,3
622,95,100,0.474678,1,3
623,100,100,0.49961,1,3
624,105,100,0.524568,1,3
625,110,100,0.54949,1,3
626,115,100,0.574588,1,3
627,120,100,0.599584,1,3
628,125,100,0.624482,1,3
629,130,100,0.649504,1,3
630,135,100,0.674196,1,3
631,140,100,0.699138,1,3
632,145,100,0.724168,1,3
633,150,100,0.74898,1,3
634,155,100,0.77393,1,3
635,160,100,0.798512,1,3
636,165,100,0.823844,1,3
637,170,100,0.848184,1,3
638,175,100,0.873188,1,3
639,180,100,0.898242,1,3
640,185,100,0.922858,1,3
641,190,100,0.943258,1,3
642,195,100,0.94454,1,3
643,200,100,0.848032,1,3
644,205,100,0.914888,1,3
645,210,100,0.854774,1,3
646,215,100,0.863326,1,3
647,220,100,0.871144,1,3
648,225,100,0.876002,1,3
649,230,100,0.883242,1,3
650,235,100,0.889658,1,3
651,240,100,0.89306,1,3
652,245,100,0.901858,1,3
653,250,100,0.905874,1,3
654,255,100,0.914938,1,3
655,260,100,0.919998,1,3
656,265,100,0.927714,1,3
657,270,100,0.93367,1,3
658,275,100,0.938016,1,3
659,280,100,0.946178,1,3
660,285,100,0.950552,1,3
661,290,100,0.958026,1,3
662,295,100,0.96383,1,3
663,300,100,0.968528,1,3
664,305,100,0.974832,1,3
665,310,100,0.981224,1,3
666,315,100,0.986886,1,3
667,320,100,0.992632,1,3
668,325,100,0.999038,1,3
669,330,100,0.999142,1,3
670,335,100,0.999372,1,3
671,340,100,1.000458,1,3
672,345,100,1.000622,1,3
673,350,100,1.000574,1,3
674,355,100,1.001018,1,3
675,360,100,1.000932,1,3
676,365,100,1.001116,1,3
677,370,100,1.001238,1,3
678,375,100,1.000748,1,3
679,380,100,1.001506,1,3
680,385,100,1.000792,1,3
681,390,100,1.001342,1,3
682,395,100,1.00136,1,3
683,400,100,1.001436,1,3
684,405,100,1.001536,1,3
685,410,100,1.001628,1,3
686,415,100,1.00164,1,3
687,420,100,1.00163,1,3
688,425,100,1.001948,1,3
689,430,100,1.001738,1,3
690,435,100,1.001768,1,3
691,440,100,1.002092,1,3
692,445,100,1.002138,1,3
693,450,100,1.001944,1,3
694,455,100,1.002152,1,3
695,460,100,1.002158,1,3
696,465,100,1.002116,1,3
697,470,100,1.00207,1,3
698,475,100,1.002292,1,3
699,480,100,1.002138,1,3
700,485,100,1.002434,1,3
701,490,100,1.00247,1,3
702,495,100,1.002412,1,3
703,500,100,1.002358,1,3
704,505,100,1.002684,1,3
705,510,100,1.002668,1,3
706,515,100,1.002552,1,3
707,520,100,1.002442,1,3
708,525,100,1.002608,1,3
709,530,100,1.002478,1,3
710,535,100,1.002716,1,3
711,540,100,1.003024,1,3
712,545,100,1.002836,1,3
713,550,100,1.002744,1,3
714,555,100,1.002722,1,3
715,560,100,1.003022,1,3
716,565,100,1.002982,1,3
717,570,100,1.003192,1,3
718,575,100,1.003154,1,3
719,580,100,1.002978,1,3
720,585,100,1.00332,1,3
721,590,100,1.00349,1,3
722,595,100,1.003524,1,3
723,600,100,1.003356,1,3
724,605,100,1.003286,1,3
725,610,100,1.003516,1,3
726,615,100,1.003572,1,3
727,620,100,1.00351,1,3
728,625,100,1.003614,1,3
729,630,100,1.003594,1,3
730,635,100,1.003612,1,3
731,640,100,1.00392,1,3
732,645,100,1.003752,1,3
733,650,100,1.003884,1,3
734,655,100,1.003852,1,3
735,660,100,1.004112,1,3
736,665,100,1.00409,1,3
737,670,100,1.004066,1,3
738,675,100,1.004192,1,3
739,680,100,1.00419,1,3
740,685,100,1.004052,1,3
741,690,100,1.004094,1,3
742,695,100,1.004226,1,3
743,700,100,1.004406,1,3
744,705,100,1.00449,1,3
745,710,100,1.004698,1,3
746,715,100,1.00449,1,3
747,720,100,1.004322,1,3
748,725,100,1.004456,1,3
749,730,100,1.004986,1,3
750,735,100,1.00454,1,3
751,740,100,1.004696,1,3
752,745,100,1.004728,1,3
753,750,100,1.004806,1,3
754,755,100,1.004716,1,3
755,760,100,1.004924,1,3
756,765,100,1.004942,1,3
757,770,100,1.004884,1,3
758,775,100,1.005198,1,3
759,780,100,1.00508,1,3
760,785,100,1.00542,1,3
761,790,100,1.005346,1,3
762,795,100,1.005432,1,3
763,800,100,1.005082,1,3
764,805,100,1.005438,1,3
765,810,100,1.005152,1,3
766,815,100,1.005224,1,3
767,820,100,1.005224,1,3
768,825,100,1.005386,1,3
769,830,100,1.005562,1,3
770,835,100,1.005454,1,3
771,840,100,1.005492,1,3
772,845,100,1.005518,1,3
773,850,100,1.005794,1,3
774,855,100,1.005842,1,3
775,860,100,1.005672,1,3
776,865,100,1.005916,1,3
777,870,100,1.005634,1,3
778,875,100,1.006044,1,3
779,880,100,1.00574,1,3
780,885,100,1.006022,1,3
781,890,100,1.005922,1,3
782,895,100,1.005994,1,3
783,900,100,1.006344,1,3
784,905,100,1.00655,1,3
785,910,100,1.006326,1,3
786,915,100,1.005928,1,3
787,920,100,1.00624,1,3
788,925,100,1.0067,1,3
789,930,100,1.006258,1,3
790,935,100,1.006402,1,3
791,940,100,1.006598,1,3
792,945,100,1.006558,1,3
793,950,100,1.00663,1,3
794,955,100,1.006586,1,3
795,960,100,1.006588,1,3
796,965,100,1.006236,1,3
797,970,100,1.006786,1,3
798,975,100,1.006428,1,3
799,980,100,1.00687,1,3
800,985,100,1.006964,1,3
801,990,100,1.006918,1,3
802,995,100,1.00689,1,3
803,1000,100,1.00712,1,3
804,0,100,0.0,1,3
805,5,100,0.024996,1,3
806,10,100,0.050006,1,3
807,15,100,0.075008,1,3
808,20,100,0.099982,1,3
809,25,100,0.124984,1,3
810,30,100,0.149984,1,3
811,35,100,0.174966,1,3
812,40,100,0.199898,1,3
813,45,100,0.224874,1,3
814,50,100,0.249888,1,3
815,55,100,0.27486,1,3
816,60,100,0.299872,1,3
817,65,100,0.324802,1,3
818,70,100,0.349744,1,3
819,75,100,0.37479,1,3
820,80,100,0.399704,1,3
821,85,100,0.42475,1,3
822,90,100,0.449666,1,3
823,95,100,0.474634,1,3
824,100,100,0.499686,1,3
825,105,100,0.524588,1,3
826,110,100,0.549506,1,3
827,115,100,0.574508,1,3
828,120,100,0.599454,1,3
829,125,100,0.624356,1,3
830,130,100,0.649376,1,3
831,135,100,0.674342,1,3
832,140,100,0.699076,1,3
833,145,100,0.724148,1,3
834,150,100,0.749062,1,3
835,155,100,0.77409,1,3
836,160,100,0.7989,1,3
837,165,100,0.823702,1,3
838,170,100,0.848194,1,3
839,175,100,0.87334,1,3
840,180,100,0.89786,1,3
841,185,100,0.922342,1,3
842,190,100,0.944506,1,3
843,195,100,0.96918,1,3
844,200,100,0.992044,1,3
845,205,100,0.996646,1,3
846,210,100,0.856396,1,3
847,215,100,0.863238,1,3
848,220,100,0.86961,1,3
849,225,100,0.877122,1,3
850,230,100,0.882218,1,3
851,235,100,0.890132,1,3
852,240,100,0.894982,1,3
853,245,100,0.900172,1,3
854,250,100,0.906198,1,3
855,255,100,0.914958,1,3
856,260,100,0.919552,1,3
857,265,100,0.925202,1,3
858,270,100,0.931894,1,3
859,275,100,0.939244,1,3
860,280,100,0.945546,1,3
861,285,100,0.951942,1,3
862,290,100,0.955256,1,3
863,295,100,0.961788,1,3
864,300,100,0.969222,1,3
865,305,100,0.97689,1,3
866,310,100,0.981172,1,3
867,315,100,0.986522,1,3
868,320,100,0.993582,1,3
869,325,100,0.996236,1,3
870,330,100,0.99959,1,3
871,335,100,0.99973,1,3
872,340,100,1.00082,1,3
873,345,100,0.999724,1,3
874,350,100,1.000826,1,3
875,355,100,1.000696,1,3
876,360,100,1.000506,1,3
877,365,100,1.00125,1,3
878,370,100,1.001174,1,3
879,375,100,1.001386,1,3
880,380,100,1.00128,1,3
881,385,100,1.001346,1,3
882,390,100,1.001416,1,3
883,395,100,1.001384,1,3
884,400,100,1.001464,1,3
885,405,100,1.001804,1,3
886,410,100,1.001734,1,3
887,415,100,1.001656,1,3
888,420,100,1.00152,1,3
889,425,100,1.001854,1,3
890,430,100,1.001746,1,3
891,435,100,1.00185,1,3
892,440,100,1.001806,1,3
893,445,100,1.00196,1,3
894,450,100,1.001962,1,3
895,455,100,1.001908,1,3
896,460,100,1.002288,1,3
897,465,100,1.002156,1,3
898,470,100,1.001984,1,3
899,475,100,1.002226,1,3
900,480,100,1.002208,1,3
901,485,100,1.002182,1,3
902,490,100,1.002336,1,3
903,495,100,1.002342,1,3
904,500,100,1.002488,1,3
905,505,100,1.002294,1,3
906,510,100,1.002618,1,3
907,515,100,1.002352,1,3
908,520,100,1.002522,1,3
909,525,100,1.002682,1,3
910,530,100,1.002912,1,3
911,535,100,1.003018,1,3
912,540,100,1.002624,1,3
913,545,100,1.002666,1,3
914,550,100,1.002734,1,3
915,555,100,1.00286,1,3
916,560,100,1.003112,1,3
917,565,100,1.002974,1,3
918,570,100,1.002914,1,3
919,575,100,1.00318,1,3
920,580,100,1.003372,1,3
921,585,100,1.003346,1,3
922,590,100,1.003018,1,3
923,595,100,1.003358,1,3
924,600,100,1.003242,1,3
925,605,100,1.003536,1,3
926,610,100,1.003482,1,3
927,615,100,1.003194,1,3
928,620,100,1.00351,1,3
929,625,100,1.003472,1,3
930,630,100,1.003672,1,3
931,635,100,1.003588,1,3
932,640,100,1.003682,1,3
933,645,100,1.00386,1,3
934,650,100,1.0038,1,3
935,655,100,1.003958,1,3
936,660,100,1.003788,1,3
937,665,100,1.00402,1,3
938,670,100,1.003802,1,3
939,675,100,1.004066,1,3
940,680,100,1.003968,1,3
941,685,100,1.004312,1,3
942,690,100,1.004136,1,3
943,695,100,1.004054,1,3
944,700,100,1.004274,1,3
945,705,100,1.00416,1,3
946,710,100,1.00436,1,3
947,715,100,1.004208,1,3
948,720,100,1.004482,1,3
949,725,100,1.004472,1,3
950,730,100,1.004338,1,3
951,735,100,1.004818,1,3
952,740,100,1.004568,1,3
953,745,100,1.004562,1,3
954,750,100,1.005002,1,3
955,755,100,1.004698,1,3
956,760,100,1.00495,1,3
957,765,100,1.004902,1,3
958,770,100,1.004752,1,3
959,775,100,1.004766,1,3
960,780,100,1.005184,1,3
961,785,100,1.004752,1,3
962,790,100,1.005318,1,3
963,795,100,1.005146,1,3
964,800,100,1.005194,1,3
965,805,100,1.005184,1,3
966,810,100,1.005208,1,3
967,815,100,1.00519,1,3
968,820,100,1.005276,1,3
969,825,100,1.005326,1,3
970,830,100,1.00534,1,3
971,835,100,1.005386,1,3
972,840,100,1.005546,1,3
973,845,100,1.005572,1,3
974,850,100,1.005776,1,3
975,855,100,1.005686,1,3
976,860,100,1.00555,1,3
977,865,100,1.00548,1,3
978,870,100,1.005904,1,3
979,875,100,1.006166,1,3
980,880,100,1.00609,1,3
981,885,100,1.005438,1,3
982,890,100,1.005904,1,3
983,895,100,1.00628,1,3
984,900,100,1.006056,1,3
985,905,100,1.00639,1,3
986,910,100,1.006222,1,3
987,915,100,1.00632,1,3
988,920,100,1.006442,1,3
989,925,100,1.006408,1,3
990,930,100,1.006396,1,3
991,935,100,1.006224,1,3
992,940,100,1.006586,1,3
993,945,100,1.006666,1,3
994,950,100,1.006652,1,3
995,955,100,1.00637,1,3
996,960,100,1.00648,1,3
997,965,100,1.006784,1,3
998,970,100,1.006336,1,3
999,975,100,1.006866,1,3
1000,980,100,1.006772,1,3
1001,985,100,1.006906,1,3
1002,990,100,1.007058,1,3
1003,995,100,1.007228,1,3
1004,1000,100,1.007136,1,3
1005,0,100,0.0,1,3
1006,5,100,0.025,1,3
1007,10,100,0.05,1,3
1008,15,100,0.074998,1,3
1009,20,100,0.099966,1,3
1010,25,100,0.12498,1,3
1011,30,100,0.149928,1,3
1012,35,100,0.174978,1,3
1013,40,100,0.199938,1,3
1014,45,100,0.22489,1,3
1015,50,100,0.249868,1,3
1016,55,100,0.274886,1,3
1017,60,100,0.299882,1,3
1018,65,100,0.324838,1,3
1019,70,100,0.349732,1,3
1020,75,100,0.374808,1,3
1021,80,100,0.399692,1,3
1022,85,100,0.424688,1,3
1023,90,100,0.44962,1,3
1024,95,100,0.474596,1,3
1025,100,100,0.499656,1,3
1026,105,100,0.52457,1,3
1027,110,100,0.549424,1,3
1028,115,100,0.574568,1,3
1029,120,100,0.599218,1,3
1030,125,100,0.624476,1,3
1031,130,100,0.64939,1,3
1032,135,100,0.674282,1,3
1033,140,100,0.699048,1,3
1034,145,100,0.724276,1,3
1035,150,100,0.7489,1,3
1036,155,100,0.773866,1,3
1037,160,100,0.79878,1,3
1038,165,100,0.823948,1,3
1039,170,100,0.848558,1,3
1040,175,100,0.872374,1,3
1041,180,100,0.897784,1,3
1042,185,100,0.922742,1,3
1043,190,100,0.946918,1,3
1044,195,100,0.968536,1,3
1045,200,100,0.987402,1,3
1046,205,100,0.996794,1,3
1047,210,100,0.857422,1,3
1048,215,100,0.937428,1,3
1049,220,100,0.869794,1,3
1050,225,100,0.874988,1,3
1051,230,100,0.882272,1,3
1052,235,100,0.888746,1,3
1053,240,100,0.8965,1,3
1054,245,100,0.900906,1,3
1055,250,100,0.910118,1,3
1056,255,100,0.913458,1,3
1057,260,100,0.921378,1,3
1058,265,100,0.927076,1,3
1059,270,100,0.932564,1,3
1060,275,100,0.93883,1,3
1061,280,100,0.94706,1,3
1062,285,100,0.94975,1,3
1063,290,100,0.958096,1,3
1064,295,100,0.962844,1,3
1065,300,100,0.969458,1,3
1066,305,100,0.97347,1,3
1067,310,100,0.97969,1,3
1068,315,100,0.987174,1,3
1069,320,100,0.99208,1,3
1070,325,100,0.996548,1,3
1071,330,100,0.999922,1,3
1072,335,100,0.999906,1,3
1073,340,100,1.000326,1,3
1074,345,100,1.000834,1,3
1075,350,100,1.000806,1,3
1076,355,100,1.001012,1,3
1077,360,100,1.000692,1,3
1078,365,100,1.00112,1,3
1079,370,100,1.001108,1,3
1080,375,100,1.001212,1,3
1081,380,100,1.001214,1,3
1082,385,100,1.001498,1,3
1083,390,100,1.001378,1,3
1084,395,100,1.001532,1,3
1085,400,100,1.00134,1,3
1086,405,100,1.00149,1,3
1087,410,100,1.001762,1,3
1088,415,100,1.001624,1,3
1089,420,100,1.001578,1,3
1090,425,100,1.001722,1,3
1091,430,100,1.001764,1,3
1092,435,100,1.001956,1,3
1093,440,100,1.001728,1,3
1094,445,100,1.00195,1,3
1095,450,100,1.00175,1,3
1096,455,100,1.001856,1,3
1097,460,100,1.0021,1,3
1098,465,100,1.002494,1,3
1099,470,100,1.002016,1,3
1100,475,100,1.002148,1,3
1101,480,100,1.002412,1,3
1102,485,100,1.002402,1,3
1103,490,100,1.002416,1,3
1104,495,100,1.002476,1,3
1105,500,100,1.00236,1,3
1106,505,100,1.002514,1,3
1107,510,100,1.002522,1,3
1108,515,100,1.002834,1,3
1109,520,100,1.002654,1,3
1110,525,100,1.002892,1,3
1111,530,100,1.002802,1,3
1112,535,100,1.00293,1,3
1113,540,100,1.002822,1,3
1114,545,100,1.003072,1,3
1115,550,100,1.00285,1,3
1116,555,100,1.002746,1,3
1117,560,100,1.003112,1,3
1118,565,100,1.003192,1,3
1119,570,100,1.003124,1,3
1120,575,100,1.003404,1,3
1121,580,100,1.003238,1,3
1122,585,100,1.00317,1,3
1123,590,100,1.003462,1,3
1124,595,100,1.003008,1,3
1125,600,100,1.003088,1,3
1126,605,100,1.003484,1,3
1127,610,100,1.00346,1,3
1128,615,100,1.003674,1,3
1129,620,100,1.0037,1,3
1130,625,100,1.003554,1,3
1131,630,100,1.00345,1,3
1132,635,100,1.003348,1,3
1133,640,100,1.003874,1,3
1134,645,100,1.003836,1,3
1135,650,100,1.003734,1,3
1136,655,100,1.004058,1,3
1137,660,100,1.00399,1,3
1138,665,100,1.004052,1,3
1139,670,100,1.003926,1,3
1140,675,100,1.004126,1,3
1141,680,100,1.004152,1,3
1142,685,100,1.004044,1,3
1143,690,100,1.00421,1,3
1144,695,100,1.003896,1,3
1145,700,100,1.004534,1,3
1146,705,100,1.004446,1,3
1147,710,100,1.004526,1,3
1148,715,100,1.004246,1,3
1149,720,100,1.004516,1,3
1150,725,100,1.004578,1,3
1151,730,100,1.004478,1,3
1152,735,100,1.004894,1,3
1153,740,100,1.004686,1,3
1154,745,100,1.00463,1,3
1155,750,100,1.00475,1,3
1156,755,100,1.004596,1,3
1157,760,100,1.004988,1,3
1158,765,100,1.004754,1,3
1159,770,100,1.00494,1,3
1160,775,100,1.004854,1,3
1161,780,100,1.005124,1,3
1162,785,100,1.005084,1,3
1163,790,100,1.005402,1,3
1164,795,100,1.005174,1,3
1165,800,100,1.00543,1,3
1166,805,100,1.005064,1,3
1167,810,100,1.005234,1,3
1168,815,100,1.005486,1,3
1169,820,100,1.005446,1,3
1170,825,100,1.00555,1,3
1171,830,100,1.005374,1,3
1172,835,100,1.005488,1,3
1173,840,100,1.00544,1,3
1174,845,100,1.005638,1,3
1175,850,100,1.005576,1,3
1176,855,100,1.005916,1,3
1177,860,100,1.00564,1,3
1178,865,100,1.006182,1,3
1179,870,100,1.00598,1,3
1180,875,100,1.005668,1,3
1181,880,100,1.005924,1,3
1182,885,100,1.006056,1,3
1183,890,100,1.005752,1,3
1184,895,100,1.00585,1,3
1185,900,100,1.005834,1,3
1186,905,100,1.005996,1,3
1187,910,100,1.006454,1,3
1188,915,100,1.006376,1,3
1189,920,100,1.006718,1,3
1190,925,100,1.006234,1,3
1191,930,100,1.006228,1,3
1192,935,100,1.006442,1,3
1193,940,100,1.006358,1,3
1194,945,100,1.006472,1,3
1195,950,100,1.0064,1,3
1196,955,100,1.006568,1,3
1197,960,100,1.006664,1,3
1198,965,100,1.006384,1,3
1199,970,100,1.006824,1,3
1200,975,100,1.006336,1,3
1201,980,100,1.006758,1,3
1202,985,100,1.007234,1,3
1203,990,100,1.006826,1,3
1204,995,100,1.006732,1,3
1205,1000,100,1.007296,1,3
1206,0,100,0.0,1,3
1207,5,100,0.024998,1,3
1208,10,100,0.050002,1,3
1209,15,100,0.075,1,3
1210,20,100,0.099966,1,3
1211,25,100,0.124944,1,3
1212,30,100,0.149992,1,3
1213,35,100,0.174952,1,3
1214,40,100,0.199966,1,3
1215,45,100,0.22494,1,3
1216,50,100,0.249896,1,3
1217,55,100,0.274864,1,3
1218,60,100,0.299824,1,3
1219,65,100,0.324754,1,3
1220,70,100,0.349788,1,3
1221,75,100,0.37474,1,3
1222,80,100,0.399766,1,3
1223,85,100,0.424762,1,3
1224,90,100,0.449668,1,3
1225,95,100,0.474742,1,3
1226,100,100,0.499642,1,3
1227,105,100,0.52456,1,3
1228,110,100,0.54948,1,3
1229,115,100,0.574524,1,3
1230,120,100,0.599438,1,3
1231,125,100,0.624252,1,3
1232,130,100,0.649306,1,3
1233,135,100,0.674276,1,3
1234,140,100,0.699052,1,3
1235,145,100,0.72379,1,3
1236,150,100,0.749042,1,3
1237,155,100,0.773712,1,3
1238,160,100,0.798506,1,3
1239,165,100,0.823662,1,3
1240,170,100,0.848342,1,3
1241,175,100,0.87318,1,3
1242,180,100,0.898016,1,3
1243,185,100,0.922926,1,3
1244,190,100,0.946104,1,3
1245,195,100,0.83612,1,3
1246,200,100,0.849338,1,3
1247,205,100,0.846896,1,3
1248,210,100,0.855484,1,3
1249,215,100,0.862694,1,3
1250,220,100,0.86906,1,3
1251,225,100,0.87661,1,3
1252,230,100,0.882234,1,3
1253,235,100,0.889398,1,3
1254,240,100,0.894736,1,3
1255,245,100,0.900472,1,3
1256,250,100,0.90757,1,3
1257,255,100,0.914082,1,3
1258,260,100,0.919756,1,3
1259,265,100,0.92761,1,3
1260,270,100,0.935012,1,3
1261,275,100,0.939472,1,3
1262,280,100,0.94558,1,3
1263,285,100,0.952012,1,3
1264,290,100,0.95741,1,3
1265,295,100,0.963588,1,3
1266,300,100,0.969594,1,3
1267,305,100,0.97305,1,3
1268,310,100,0.97959,1,3
1269,315,100,0.986108,1,3
1270,320,100,0.992822,1,3
1271,325,100,0.995962,1,3
1272,330,100,0.999268,1,3
1273,335,100,0.999082,1,3
1274,340,100,0.999944,1,3
1275,345,100,1.000912,1,3
1276,350,100,1.000828,1,3
1277,355,100,1.000726,1,3
1278,360,100,1.000924,1,3
1279,365,100,1.001328,1,3
1280,370,100,1.001204,1,3
1281,375,100,1.001352,1,3
1282,380,100,1.00115,1,3
1283,385,100,1.001356,1,3
1284,390,100,1.001474,1,3
1285,395,100,1.001498,1,3
1286,400,100,1.001506,1,3
1287,405,100,1.001708,1,3
1288,410,100,1.001612,1,3
1289,415,100,1.001768,1,3
1290,420,100,1.001686,1,3
1291,425,100,1.001878,1,3
1292,430,100,1.001678,1,3
1293,435,100,1.001926,1,3
1294,440,100,1.001906,1,3
1295,445,100,1.001828,1,3
1296,450,100,1.001972,1,3
1297,455,100,1.002112,1,3
1298,460,100,1.002066,1,3
1299,465,100,1.002292,1,3
1300,470,100,1.002318,1,3
1301,475,100,1.00223,1,3
1302,480,100,1.002284,1,3
1303,485,100,1.00233,1,3
1304,490,100,1.002416,1,3
1305,495,100,1.002338,1,3
1306,500,100,1.002368,1,3
1307,505,100,1.002592,1,3
1308,510,100,1.00261,1,3
1309,515,100,1.002584,1,3
1310,520,100,1.002508,1,3
1311,525,100,1.002712,1,3
1312,530,100,1.00271,1,3
1313,535,100,1.00266,1,3
1314,540,100,1.002966,1,3
1315,545,100,1.002754,1,3
1316,550,100,1.002996,1,3
1317,555,100,1.003004,1,3
1318,560,100,1.002776,1,3
1319,565,100,1.003022,1,3
1320,570,100,1.003286,1,3
1321,575,100,1.00299,1,3
1322,580,100,1.003166,1,3
1323,585,100,1.003226,1,3
1324,590,100,1.003052,1,3
1325,595,100,1.003642,1,3
1326,600,100,1.003384,1,3
1327,605,100,1.003356,1,3
1328,610,100,1.003352,1,3
1329,615,100,1.003484,1,3
1330,620,100,1.003464,1,3
1331,625,100,1.003542,1,3
1332,630,100,1.00351,1,3
1333,635,100,1.00353,1,3
1334,640,100,1.003794,1,3
1335,645,100,1.003864,1,3
1336,650,100,1.003908,1,3
1337,655,100,1.003868,1,3
1338,660,100,1.003952,1,3
1339,665,100,1.004242,1,3
1340,670,100,1.004308,1,3
1341,675,100,1.00385,1,3
1342,680,100,1.004084,1,3
1343,685,100,1.003936,1,3
1344,690,100,1.003902,1,3
1345,695,100,1.004354,1,3
1346,700,100,1.004686,1,3
1347,705,100,1.00444,1,3
1348,710,100,1.004288,1,3
1349,715,100,1.00455,1,3
1350,720,100,1.004612,1,3
1351,725,100,1.004424,1,3
1352,730,100,1.004624,1,3
1353,735,100,1.00472,1,3
1354,740,100,1.004652,1,3
1355,745,100,1.00478,1,3
1356,750,100,1.004822,1,3
1357,755,100,1.004648,1,3
1358,760,100,1.004836,1,3
1359,765,100,1.005064,1,3
1360,770,100,1.005066,1,3
1361,775,100,1.005016,1,3
1362,780,100,1.005202,1,3
1363,785,100,1.00479,1,3
1364,790,100,1.005216,1,3
1365,795,100,1.005614,1,3
1366,800,100,1.005016,1,3
1367,805,100,1.00524,1,3
1368,810,100,1.005144,1,3
1369,815,100,1.004996,1,3
1370,820,100,1.005344,1,3
1371,825,100,1.005344,1,3
1372,830,100,1.005268,1,3
1373,835,100,1.005252,1,3
1374,840,100,1.00556,1,3
1375,845,100,1.005664,1,3
1376,850,100,1.00547,1,3
1377,855,100,1.00579,1,3
1378,860,100,1.00589,1,3
1379,865,100,1.005732,1,3
1380,870,100,1.005566,1,3
1381,875,100,1.005922,1,3
1382,880,100,1.006074,1,3
1383,885,100,1.006012,1,3
1384,890,100,1.005792,1,3
1385,895,100,1.00601,1,3
1386,900,100,1.006024,1,3
1387,905,100,1.006352,1,3
1388,910,100,1.006372,1,3
1389,915,100,1.005976,1,3
1390,920,100,1.006492,1,3
1391,925,100,1.006334,1,3
1392,930,100,1.006522,1,3
1393,935,100,1.006594,1,3
1394,940,100,1.00646,1,3
1395,945,100,1.006336,1,3
1396,950,100,1.006924,1,3
1397,955,100,1.006568,1,3
1398,960,100,1.006712,1,3
1399,965,100,1.006616,1,3
1400,970,100,1.006402,1,3
1401,975,100,1.006986,1,3
1402,980,100,1.00697,1,3
1403,985,100,1.007254,1,3
1404,990,100,1.007054,1,3
1405,995,100,1.00702,1,3
1406,1000,100,1.00705,1,3
1407,0,100,0.0,1,3
1408,5,100,0.024994,1,3
1409,10,100,0.049996,1,3
1410,15,100,0.075008,1,3
1411,20,100,0.099986,1,3
1412,25,100,0.124958,1,3
1413,30,100,0.14997,1,3
1414,35,100,0.174946,1,3
1415,40,100,0.199978,1,3
1416,45,100,0.224864,1,3
1417,50,100,0.249894,1,3
1418,55,100,0.274898,1,3
1419,60,100,0.299888,1,3
1420,65,100,0.324826,1,3
1421,70,100,0.349894,1,3
1422,75,100,0.374848,1,3
1423,80,100,0.399766,1,3
1424,85,100,0.424806,1,3
1425,90,100,0.449722,1,3
1426,95,100,0.474672,1,3
1427,100,100,0.49965,1,3
1428,105,100,0.524572,1,3
1429,110,100,0.549508,1,3
1430,115,100,0.574534,1,3
1431,120,100,0.599506,1,3
1432,125,100,0.624512,1,3
1433,130,100,0.64939,1,3
1434,135,100,0.674206,1,3
1435,140,100,0.69909,1,3
1436,145,100,0.724134,1,3
1437,150,100,0.748984,1,3
1438,155,100,0.773912,1,3
1439,160,100,0.798632,1,3
1440,165,100,0.823928,1,3
1441,170,100,0.848544,1,3
1442,175,100,0.873114,1,3
1443,180,100,0.89803,1,3
1444,185,100,0.922194,1,3
1445,190,100,0.947292,1,3
1446,195,100,0.971562,1,3
1447,200,100,0.992168,1,3
1448,205,100,0.845024,1,3
1449,210,100,0.858786,1,3
1450,215,100,0.867506,1,3
1451,220,100,0.87116,1,3
1452,225,100,0.876098,1,3
1453,230,100,0.885744,1,3
1454,235,100,0.887514,1,3
1455,240,100,0.894386,1,3
1456,245,100,0.900414,1,3
1457,250,100,0.906154,1,3
1458,255,100,0.913828,1,3
1459,260,100,0.91654,1,3
1460,265,100,0.926588,1,3
1461,270,100,0.932916,1,3
1462,275,100,0.93839,1,3
1463,280,100,0.94501,1,3
1464,285,100,0.9514,1,3
1465,290,100,0.95696,1,3
1466,295,100,0.964144,1,3
1467,300,100,0.96727,1,3
1468,305,100,0.975444,1,3
1469,310,100,0.981396,1,3
1470,315,100,0.987252,1,3
1471,320,100,0.992648,1,3
1472,325,100,0.995348,1,3
1473,330,100,0.99973,1,3
1474,335,100,0.999894,1,3
1475,340,100,1.000454,1,3
1476,345,100,0.999988,1,3
1477,350,100,1.00095,1,3
1478,355,100,1.000522,1,3
1479,360,100,1.001116,1,3
1480,365,100,1.00095,1,3
1481,370,100,1.001142,1,3
1482,375,100,1.00148,1,3
1483,380,100,1.001014,1,3
1484,385,100,1.001204,1,3
1485,390,100,1.001484,1,3
1486,395,100,1.001098,1,3
1487,400,100,1.001356,1,3
1488,405,100,1.001554,1,3
1489,410,100,1.001326,1,3
1490,415,100,1.001536,1,3
1491,420,100,1.00172,1,3
1492,425,100,1.001844,1,3
1493,430,100,1.00176,1,3
1494,435,100,1.001942,1,3
1495,440,100,1.00188,1,3
1496,445,100,1.001968,1,3
1497,450,100,1.001958,1,3
1498,455,100,1.001836,1,3
1499,460,100,1.00214,1,3
1500,465,100,1.00208,1,3
1501,470,100,1.002276,1,3
1502,475,100,1.002292,1,3
1503,480,100,1.002052,1,3
1504,485,100,1.00258,1,3
1505,490,100,1.002436,1,3
1506,495,100,1.002292,1,3
1507,500,100,1.002292,1,3
1508,505,100,1.002472,1,3
1509,510,100,1.002312,1,3
1510,515,100,1.002406,1,3
1511,520,100,1.002652,1,3
1512,525,100,1.002668,1,3
1513,530,100,1.002726,1,3
1514,535,100,1.002786,1,3
1515,540,100,1.002944,1,3
1516,545,100,1.00277,1,3
1517,550,100,1.002904,1,3
1518,555,100,1.003252,1,3
1519,560,100,1.0031,1,3
1520,565,100,1.003028,1,3
1521,570,100,1.002892,1,3
1522,575,100,1.0032,1,3
1523,580,100,1.00322,1,3
1524,585,100,1.00335,1,3
1525,590,100,1.003192,1,3
1526,595,100,1.003338,1,3
1527,600,100,1.003234,1,3
1528,605,100,1.00361,1,3
1529,610,100,1.003458,1,3
1530,615,100,1.003156,1,3
1531,620,100,1.003554,1,3
1532,625,100,1.003656,1,3
1533,630,100,1.003878,1,3
1534,635,100,1.003684,1,3
1535,640,100,1.003762,1,3
1536,645,100,1.003744,1,3
1537,650,100,1.003748,1,3
1538,655,100,1.003692,1,3
1539,660,100,1.003822,1,3
1540,665,100,1.004158,1,3
1541,670,100,1.004058,1,3
1542,675,100,1.004032,1,3
1543,680,100,1.003956,1,3
1544,685,100,1.004078,1,3
1545,690,100,1.004038,1,3
1546,695,100,1.004388,1,3
1547,700,100,1.004252,1,3
1548,705,100,1.004422,1,3
1549,710,100,1.004606,1,3
1550,715,100,1.004526,1,3
1551,720,100,1.00448,1,3
1552,725,100,1.004468,1,3
1553,730,100,1.00456,1,3
1554,735,100,1.004604,1,3
1555,740,100,1.004592,1,3
1556,745,100,1.00467,1,3
1557,750,100,1.004768,1,3
1558,755,100,1.004696,1,3
1559,760,100,1.004984,1,3
1560,765,100,1.004698,1,3
1561,770,100,1.00512,1,3
1562,775,100,1.004818,1,3
1563,780,100,1.005194,1,3
1564,785,100,1.005074,1,3
1565,790,100,1.004772,1,3
1566,795,100,1.005098,1,3
1567,800,100,1.00525,1,3
1568,805,100,1.005412,1,3
1569,810,100,1.005098,1,3
1570,815,100,1.005322,1,3
1571,820,100,1.005156,1,3
1572,825,100,1.005486,1,3
1573,830,100,1.005572,1,3
1574,835,100,1.005544,1,3
1575,840,100,1.005422,1,3
1576,845,100,1.005688,1,3
1577,850,100,1.005502,1,3
1578,855,100,1.005666,1,3
1579,860,100,1.00547,1,3
1580,865,100,1.0057,1,3
1581,870,100,1.00588,1,3
1582,875,100,1.006132,1,3
1583,880,100,1.005934,1,3
1584,885,100,1.005966,1,3
1585,890,100,1.005904,1,3
1586,895,100,1.006094,1,3
1587,900,100,1.00627,1,3
1588,905,100,1.006038,1,3
1589,910,100,1.006412,1,3
1590,915,100,1.006178,1,3
1591,920,100,1.00618,1,3
1592,925,100,1.006378,1,3
1593,930,100,1.006116,1,3
1594,935,100,1.006602,1,3
1595,940,100,1.006432,1,3
1596,945,100,1.006544,1,3
1597,950,100,1.00687,1,3
1598,955,100,1.006532,1,3
1599,960,100,1.006652,1,3
1600,965,100,1.00674,1,3
1601,970,100,1.006702,1,3
1602,975,100,1.006858,1,3
1603,980,100,1.006752,1,3
1604,985,100,1.00692,1,3
1605,990,100,1.006838,1,3
1606,995,100,1.00703,1,3
1607,1000,100,1.007078,1,3
1608,0,100,0.0,1,3
1609,5,100,0.025004,1,3
1610,10,100,0.049992,1,3
1611,15,100,0.07496,1,3
1612,20,100,0.100002,1,3
1613,25,100,0.124972,1,3
1614,30,100,0.14992,1,3
1615,35,100,0.174964,1,3
1616,40,100,0.199914,1,3
1617,45,100,0.22494,1,3
1618,50,100,0.249918,1,3
1619,55,100,0.274792,1,3
1620,60,100,0.299812,1,3
1621,65,100,0.32487,1,3
1622,70,100,0.349912,1,3
1623,75,100,0.374752,1,3
1624,80,100,0.399734,1,3
1625,85,100,0.424784,1,3
1626,90,100,0.44979,1,3
1627,95,100,0.474692,1,3
1628,100,100,0.499576,1,3
1629,105,100,0.524672,1,3
1630,110,100,0.549472,1,3
1631,115,100,0.574504,1,3
1632,120,100,0.599326,1,3
1633,125,100,0.624486,1,3
1634,130,100,0.649418,1,3
1635,135,100,0.674174,1,3
1636,140,100,0.699194,1,3
1637,145,100,0.724162,1,3
1638,150,100,0.749064,1,3
1639,155,100,0.773946,1,3
1640,160,100,0.79793,1,3
1641,165,100,0.823662,1,3
1642,170,100,0.848474,1,3
1643,175,100,0.873212,1,3
1644,180,100,0.898298,1,3
1645,185,100,0.922738,1,3
1646,190,100,0.946674,1,3
1647,195,100,0.97044,1,3
1648,200,100,0.991458,1,3
1649,205,100,0.972862,1,3
1650,210,100,0.996824,1,3
1651,215,100,0.86101,1,3
1652,220,100,0.872086,1,3
1653,225,100,0.87724,1,3
1654,230,100,0.882906,1,3
1655,235,100,0.892696,1,3
1656,240,100,0.89467,1,3
1657,245,100,0.902054,1,3
1658,250,100,0.907998,1,3
1659,255,100,0.91257,1,3
1660,260,100,0.920956,1,3
1661,265,100,0.924788,1,3
1662,270,100,0.931896,1,3
1663,275,100,0.939188,1,3
1664,280,100,0.945004,1,3
1665,285,100,0.95227,1,3
1666,290,100,0.956898,1,3
1667,295,100,0.963862,1,3
1668,300,100,0.969402,1,3
1669,305,100,0.976472,1,3
1670,310,100,0.98163,1,3
1671,315,100,0.987628,1,3
1672,320,100,0.992208,1,3
1673,325,100,0.99475,1,3
1674,330,100,0.999794,1,3
1675,335,100,0.999484,1,3
1676,340,100,0.99934,1,3
1677,345,100,0.999874,1,3
1678,350,100,1.00068,1,3
1679,355,100,1.00086,1,3
1680,360,100,1.001074,1,3
1681,365,100,1.000922,1,3
1682,370,100,1.001104,1,3
1683,375,100,1.001108,1,3
1684,380,100,1.001172,1,3
1685,385,100,1.001366,1,3
1686,390,100,1.00133,1,3
1687,395,100,1.00146,1,3
1688,400,100,1.00142,1,3
1689,405,100,1.001538,1,3
1690,410,100,1.001798,1,3
1691,415,100,1.001714,1,3
1692,420,100,1.00174,1,3
1693,425,100,1.00166,1,3
1694,430,100,1.001758,1,3
1695,435,100,1.001824,1,3
1696,440,100,1.001938,1,3
1697,445,100,1.001876,1,3
1698,450,100,1.00178,1,3
1699,455,100,1.00223,1,3
1700,460,100,1.002072,1,3
1701,465,100,1.002024,1,3
1702,470,100,1.002026,1,3
1703,475,100,1.002314,1,3
1704,480,100,1.002416,1,3
1705,485,100,1.002448,1,3
1706,490,100,1.002128,1,3
1707,495,100,1.00234,1,3
1708,500,100,1.002646,1,3
1709,505,100,1.00263,1,3
1710,510,100,1.002234,1,3
1711,515,100,1.002716,1,3
1712,520,100,1.002842,1,3
1713,525,100,1.002412,1,3
1714,530,100,1.00281,1,3
1715,535,100,1.002908,1,3
1716,540,100,1.00288,1,3
1717,545,100,1.00302,1,3
1718,550,100,1.002924,1,3
1719,555,100,1.003286,1,3
1720,560,100,1.002804,1,3
1721,565,100,1.002886,1,3
1722,570,100,1.002954,1,3
1723,575,100,1.003386,1,3
1724,580,100,1.003248,1,3
1725,585,100,1.003084,1,3
1726,590,100,1.003222,1,3
1727,595,100,1.00343,1,3
1728,600,100,1.003556,1,3
1729,605,100,1.003304,1,3
1730,610,100,1.003554,1,3
1731,615,100,1.003322,1,3
1732,620,100,1.003606,1,3
1733,625,100,1.003554,1,3
1734,630,100,1.003378,1,3
1735,635,100,1.003588,1,3
1736,640,100,1.003738,1,3
1737,645,100,1.003968,1,3
1738,650,100,1.004008,1,3
1739,655,100,1.004004,1,3
1740,660,100,1.003946,1,3
1741,665,100,1.004078,1,3
1742,670,100,1.004214,1,3
1743,675,100,1.004234,1,3
1744,680,100,1.004054,1,3
1745,685,100,1.004258,1,3
1746,690,100,1.00436,1,3
1747,695,100,1.00432,1,3
1748,700,100,1.004198,1,3
1749,705,100,1.004486,1,3
1750,710,100,1.004496,1,3
1751,715,100,1.00461,1,3
1752,720,100,1.004604,1,3
1753,725,100,1.004634,1,3
1754,730,100,1.004386,1,3
1755,735,100,1.0046,1,3
1756,740,100,1.004564,1,3
1757,745,100,1.004784,1,3
1758,750,100,1.00454,1,3
1759,755,100,1.00469,1,3
1760,760,100,1.004868,1,3
1761,765,100,1.005034,1,3
1762,770,100,1.004956,1,3
1763,775,100,1.00488,1,3
1764,780,100,1.004978,1,3
1765,785,100,1.00493,1,3
1766,790,100,1.005136,1,3
1767,795,100,1.005012,1,3
1768,800,100,1.004832,1,3
1769,805,100,1.00519,1,3
1770,810,100,1.004956,1,3
1771,815,100,1.004982,1,3
1772,820,100,1.005372,1,3
1773,825,100,1.005266,1,3
1774,830,100,1.00526,1,3
1775,835,100,1.005584,1,3
1776,840,100,1.005532,1,3
1777,845,100,1.00565,1,3
1778,850,100,1.005486,1,3
1779,855,100,1.005498,1,3
1780,860,100,1.005872,1,3
1781,865,100,1.005504,1,3
1782,870,100,1.005956,1,3
1783,875,100,1.005608,1,3
1784,880,100,1.00596,1,3
1785,885,100,1.006124,1,3
1786,890,100,1.006324,1,3
1787,895,100,1.006038,1,3
1788,900,100,1.005878,1,3
1789,905,100,1.006212,1,3
1790,910,100,1.005934,1,3
1791,915,100,1.006202,1,3
1792,920,100,1.006328,1,3
1793,925,100,1.005942,1,3
1794,930,100,1.006454,1,3
1795,935,100,1.006424,1,3
1796,940,100,1.006388,1,3
1797,945,100,1.006282,1,3
1798,950,100,1.006726,1,3
1799,955,100,1.006446,1,3
1800,960,100,1.006762,1,3
1801,965,100,1.006628,1,3
1802,970,100,1.006774,1,3
1803,975,100,1.006634,1,3
1804,980,100,1.006626,1,3
1805,985,100,1.0066,1,3
1806,990,100,1.006832,1,3
1807,995,100,1.007406,1,3
1808,1000,100,1.00717,1,3
1809,0,100,0.0,1,3
1810,5,100,0.025008,1,3
1811,10,100,0.050006,1,3
1812,15,100,0.074984,1,3
1813,20,100,0.099974,1,3
1814,25,100,0.125002,1,3
1815,30,100,0.14993,1,3
1816,35,100,0.17497,1,3
1817,40,100,0.199966,1,3
1818,45,100,0.22489,1,3
1819,50,100,0.249888,1,3
1820,55,100,0.274882,1,3
1821,60,100,0.299916,1,3
1822,65,100,0.324802,1,3
1823,70,100,0.349744,1,3
1824,75,100,0.374816,1,3
1825,80,100,0.39985,1,3
1826,85,100,0.424718,1,3
1827,90,100,0.449694,1,3
1828,95,100,0.474604,1,3
1829,100,100,0.499668,1,3
1830,105,100,0.52457,1,3
1831,110,100,0.549604,1,3
1832,115,100,0.574298,1,3
1833,120,100,0.599556,1,3
1834,125,100,0.624446,1,3
1835,130,100,0.649368,1,3
1836,135,100,0.674108,1,3
1837,140,100,0.699244,1,3
1838,145,100,0.723986,1,3
1839,150,100,0.749056,1,3
1840,155,100,0.774046,1,3
1841,160,100,0.798348,1,3
1842,165,100,0.823444,1,3
1843,170,100,0.848144,1,3
1844,175,100,0.87311,1,3
1845,180,100,0.897974,1,3
1846,185,100,0.92271,1,3
1847,190,100,0.947362,1,3
1848,195,100,0.971016,1,3
1849,200,100,0.902712,1,3
1850,205,100,0.850744,1,3
1851,210,100,0.928204,1,3
1852,215,100,0.861244,1,3
1853,220,100,0.873052,1,3
1854,225,100,0.876724,1,3
1855,230,100,0.8825,1,3
1856,235,100,0.889402,1,3
1857,240,100,0.89266,1,3
1858,245,100,0.901054,1,3
1859,250,100,0.907888,1,3
1860,255,100,0.912472,1,3
1861,260,100,0.920464,1,3
1862,265,100,0.92494,1,3
1863,270,100,0.932772,1,3
1864,275,100,0.938972,1,3
1865,280,100,0.94628,1,3
1866,285,100,0.951082,1,3
1867,290,100,0.95934,1,3
1868,295,100,0.96281,1,3
1869,300,100,0.970548,1,3
1870,305,100,0.97503,1,3
1871,310,100,0.979482,1,3
1872,315,100,0.987052,1,3
1873,320,100,0.99255,1,3
1874,325,100,0.996872,1,3
1875,330,100,0.999434,1,3
1876,335,100,0.999262,1,3
1877,340,100,1.000502,1,3
1878,345,100,1.000748,1,3
1879,350,100,1.000464,1,3
1880,355,100,1.000792,1,3
1881,360,100,1.00117,1,3
1882,365,100,1.000754,1,3
1883,370,100,1.001152,1,3
1884,375,100,1.001414,1,3
1885,380,100,1.001226,1,3
1886,385,100,1.001562,1,3
1887,390,100,1.001266,1,3
1888,395,100,1.001234,1,3
1889,400,100,1.001434,1,3
1890,405,100,1.001602,1,3
1891,410,100,1.001626,1,3
1892,415,100,1.001636,1,3
1893,420,100,1.001534,1,3
1894,425,100,1.001808,1,3
1895,430,100,1.00189,1,3
1896,435,100,1.001936,1,3
1897,440,100,1.001492,1,3
1898,445,100,1.00186,1,3
1899,450,100,1.001946,1,3
1900,455,100,1.00207,1,3
1901,460,100,1.00228,1,3
1902,465,100,1.002014,1,3
1903,470,100,1.002142,1,3
1904,475,100,1.002138,1,3
1905,480,100,1.002118,1,3
1906,485,100,1.002284,1,3
1907,490,100,1.002372,1,3
1908,495,100,1.002566,1,3
1909,500,100,1.002298,1,3
1910,505,100,1.002338,1,3
1911,510,100,1.002488,1,3
1912,515,100,1.002668,1,3
1913,520,100,1.002454,1,3
1914,525,100,1.002662,1,3
1915,530,100,1.002894,1,3
1916,535,100,1.00283,1,3
1917,540,100,1.002728,1,3
1918,545,100,1.003092,1,3
1919,550,100,1.003088,1,3
1920,555,100,1.002992,1,3
1921,560,100,1.002792,1,3
1922,565,100,1.002796,1,3
1923,570,100,1.00321,1,3
1924,575,100,1.003602,1,3
1925,580,100,1.00311,1,3
1926,585,100,1.003178,1,3
1927,590,100,1.003518,1,3
1928,595,100,1.003192,1,3
1929,600,100,1.003182,1,3
1930,605,100,1.003168,1,3
1931,610,100,1.003518,1,3
1932,615,100,1.003478,1,3
1933,620,100,1.003676,1,3
1934,625,100,1.003738,1,3
1935,630,100,1.003888,1,3
1936,635,100,1.003628,1,3
1937,640,100,1.003432,1,3
1938,645,100,1.003656,1,3
1939,650,100,1.003848,1,3
1940,655,100,1.003748,1,3
1941,660,100,1.00373,1,3
1942,665,100,1.003986,1,3
1943,670,100,1.004368,1,3
1944,675,100,1.004044,1,3
1945,680,100,1.004196,1,3
1946,685,100,1.004378,1,3
1947,690,100,1.004322,1,3
1948,695,100,1.00432,1,3
1949,700,100,1.004282,1,3
1950,705,100,1.004414,1,3
1951,710,100,1.004184,1,3
1952,715,100,1.004532,1,3
1953,720,100,1.004642,1,3
1954,725,100,1.004284,1,3
1955,730,100,1.004542,1,3
1956,735,100,1.004598,1,3
1957,740,100,1.004612,1,3
1958,745,100,1.004978,1,3
1959,750,100,1.00487,1,3
1960,755,100,1.00456,1,3
1961,760,100,1.004888,1,3
1962,765,100,1.004956,1,3
1963,770,100,1.005028,1,3
1964,775,100,1.004958,1,3
1965,780,100,1.005086,1,3
1966,785,100,1.005142,1,3
1967,790,100,1.005336,1,3
1968,795,100,1.005324,1,3
1969,800,100,1.005252,1,3
1970,805,100,1.005308,1,3
1971,810,100,1.00517,1,3
1972,815,100,1.00516,1,3
1973,820,100,1.00542,1,3
1974,825,100,1.005558,1,3
1975,830,100,1.005688,1,3
1976,835,100,1.0056,1,3
1977,840,100,1.005462,1,3
1978,845,100,1.005528,1,3
1979,850,100,1.005952,1,3
1980,855,100,1.005544,1,3
1981,860,100,1.00599,1,3
1982,865,100,1.005474,1,3
1983,870,100,1.006018,1,3
1984,875,100,1.006048,1,3
1985,880,100,1.00581,1,3
1986,885,100,1.006168,1,3
1987,890,100,1.006174,1,3
1988,895,100,1.00629,1,3
1989,900,100,1.0059,1,3
1990,905,100,1.00613,1,3
1991,910,100,1.006152,1,3
1992,915,100,1.006084,1,3
1993,920,100,1.006102,1,3
1994,925,100,1.006282,1,3
1995,930,100,1.00641,1,3
1996,935,100,1.00629,1,3
1997,940,100,1.006242,1,3
1998,945,100,1.00648,1,3
1999,950,100,1.006248,1,3
2000,955,100,1.006272,1,3
2001,960,100,1.006964,1,3
2002,965,100,1.006766,1,3
2003,970,100,1.006988,1,3
2004,975,100,1.006866,1,3
2005,980,100,1.006662,1,3
2006,985,100,1.006876,1,3
2007,990,100,1.006832,1,3
2008,995,100,1.007094,1,3
2009,1000,100,1.006918,1,3
