,N,L,Max,Pat,R_A
0,0,100,0.0,0,3
1,0,100,0.0,1,3
2,0,100,0.0,2,3
3,0,100,0.0,3,3
4,0,100,0.0,4,3
5,0,100,0.0,5,3
6,0,100,0.0,6,3
7,0,100,0.0,7,3
8,0,100,0.0,8,3
9,0,100,0.0,9,3
10,30,100,0.150004,0,3
11,30,100,0.149956,1,3
12,30,100,0.149958,2,3
13,30,100,0.149974,3,3
14,30,100,0.14991,4,3
15,30,100,0.149932,5,3
16,30,100,0.149958,6,3
17,30,100,0.149952,7,3
18,30,100,0.150004,8,3
19,30,100,0.149962,9,3
20,60,100,0.2999,0,3
21,60,100,0.299872,1,3
22,60,100,0.299822,2,3
23,60,100,0.299784,3,3
24,60,100,0.299826,4,3
25,60,100,0.299838,5,3
26,60,100,0.29978,6,3
27,60,100,0.299816,7,3
28,60,100,0.299786,8,3
29,60,100,0.29983,9,3
30,90,100,0.449808,0,3
31,90,100,0.44971,1,3
32,90,100,0.449686,2,3
33,90,100,0.449436,3,3
34,90,100,0.449526,4,3
35,90,100,0.449536,5,3
36,90,100,0.449612,6,3
37,90,100,0.44955,7,3
38,90,100,0.44949,8,3
39,90,100,0.449508,9,3
40,120,100,0.59945,0,3
41,120,100,0.599514,1,3
42,120,100,0.59914,2,3
43,120,100,0.599042,3,3
44,120,100,0.59912,4,3
45,120,100,0.599196,5,3
46,120,100,0.599048,6,3
47,120,100,0.599022,7,3
48,120,100,0.599054,8,3
49,120,100,0.599174,9,3
50,150,100,0.747744,0,3
51,150,100,0.74881,1,3
52,150,100,0.748902,2,3
53,150,100,0.748312,3,3
54,150,100,0.748082,4,3
55,150,100,0.748574,5,3
56,150,100,0.748564,6,3
57,150,100,0.748036,7,3
58,150,100,0.748032,8,3
59,150,100,0.747804,9,3
60,180,100,0.82416,0,3
61,180,100,0.897678,1,3
62,180,100,0.896838,2,3
63,180,100,0.896312,3,3
64,180,100,0.892572,4,3
65,180,100,0.896552,5,3
66,180,100,0.89548,6,3
67,180,100,0.896652,7,3
68,180,100,0.895066,8,3
69,180,100,0.891368,9,3
70,210,100,0.992006,0,3
71,210,100,0.852324,1,3
72,210,100,0.995678,2,3
73,210,100,0.994828,3,3
74,210,100,0.99184,4,3
75,210,100,0.990448,5,3
76,210,100,0.994734,6,3
77,210,100,0.989406,7,3
78,210,100,0.990672,8,3
79,210,100,0.995048,9,3
80,240,100,0.998564,0,3
81,240,100,0.894782,1,3
82,240,100,0.997926,2,3
83,240,100,0.997158,3,3
84,240,100,0.996932,4,3
85,240,100,0.99731,5,3
86,240,100,0.997216,6,3
87,240,100,0.99766,7,3
88,240,100,0.996878,8,3
89,240,100,0.997186,9,3
90,270,100,0.999808,0,3
91,270,100,0.93123,1,3
92,270,100,0.99852,2,3
93,270,100,0.998518,3,3
94,270,100,0.998162,4,3
95,270,100,0.997852,5,3
96,270,100,0.99769,6,3
97,270,100,0.997816,7,3
98,270,100,0.99792,8,3
99,270,100,0.99747,9,3
100,300,100,0.999864,0,3
101,300,100,0.970308,1,3
102,300,100,0.998916,2,3
103,300,100,0.998848,3,3
104,300,100,0.99818,4,3
105,300,100,0.998504,5,3
106,300,100,0.998702,6,3
107,300,100,0.997958,7,3
108,300,100,0.9985,8,3
109,300,100,0.998338,9,3
110,0,100,0.0,0,3
111,0,100,0.0,1,3
112,0,100,0.0,2,3
113,0,100,0.0,3,3
114,0,100,0.0,4,3
115,0,100,0.0,5,3
116,0,100,0.0,6,3
117,0,100,0.0,7,3
118,0,100,0.0,8,3
119,0,100,0.0,9,3
120,30,100,0.15001,0,3
121,30,100,0.149992,1,3
122,30,100,0.149956,2,3
123,30,100,0.149952,3,3
124,30,100,0.149964,4,3
125,30,100,0.149968,5,3
126,30,100,0.14996,6,3
127,30,100,0.149956,7,3
128,30,100,0.149968,8,3
129,30,100,0.149944,9,3
130,60,100,0.29996,0,3
131,60,100,0.299804,1,3
132,60,100,0.299808,2,3
133,60,100,0.299788,3,3
134,60,100,0.299824,4,3
135,60,100,0.29982,5,3
136,60,100,0.299836,6,3
137,60,100,0.299868,7,3
138,60,100,0.299894,8,3
139,60,100,0.299946,9,3
140,90,100,0.4498,0,3
141,90,100,0.44972,1,3
142,90,100,0.44956,2,3
143,90,100,0.44966,3,3
144,90,100,0.449514,4,3
145,90,100,0.449646,5,3
146,90,100,0.4496,6,3
147,90,100,0.449608,7,3
148,90,100,0.44955,8,3
149,90,100,0.449558,9,3
150,120,100,0.59947,0,3
151,120,100,0.599402,1,3
152,120,100,0.599118,2,3
153,120,100,0.59908,3,3
154,120,100,0.599202,4,3
155,120,100,0.598984,5,3
156,120,100,0.599018,6,3
157,120,100,0.599218,7,3
158,120,100,0.599126,8,3
159,120,100,0.599286,9,3
160,150,100,0.74825,0,3
161,150,100,0.748864,1,3
162,150,100,0.748088,2,3
163,150,100,0.748512,3,3
164,150,100,0.748428,4,3
165,150,100,0.7487,5,3
166,150,100,0.748422,6,3
167,150,100,0.747632,7,3
168,150,100,0.74846,8,3
169,150,100,0.748312,9,3
170,180,100,0.891362,0,3
171,180,100,0.897964,1,3
172,180,100,0.897574,2,3
173,180,100,0.894516,3,3
174,180,100,0.895004,4,3
175,180,100,0.895268,5,3
176,180,100,0.895114,6,3
177,180,100,0.896286,7,3
178,180,100,0.894636,8,3
179,180,100,0.8958,9,3
180,210,100,0.941566,0,3
181,210,100,0.855254,1,3
182,210,100,0.994758,2,3
183,210,100,0.992102,3,3
184,210,100,0.993666,4,3
185,210,100,0.991784,5,3
186,210,100,0.994306,6,3
187,210,100,0.993076,7,3
188,210,100,0.994188,8,3
189,210,100,0.991808,9,3
190,240,100,0.998536,0,3
191,240,100,0.896938,1,3
192,240,100,0.997916,2,3
193,240,100,0.997568,3,3
194,240,100,0.99764,4,3
195,240,100,0.99636,5,3
196,240,100,0.996436,6,3
197,240,100,0.99693,7,3
198,240,100,0.996116,8,3
199,240,100,0.99607,9,3
200,270,100,0.999536,0,3
201,270,100,0.931616,1,3
202,270,100,0.994888,2,3
203,270,100,0.998394,3,3
204,270,100,0.997892,4,3
205,270,100,0.998224,5,3
206,270,100,0.99821,6,3
207,270,100,0.99797,7,3
208,270,100,0.997734,8,3
209,270,100,0.997486,9,3
210,300,100,1.000154,0,3
211,300,100,0.970574,1,3
212,300,100,0.997566,2,3
213,300,100,0.998706,3,3
214,300,100,0.99811,4,3
215,300,100,0.998392,5,3
216,300,100,0.99789,6,3
217,300,100,0.998608,7,3
218,300,100,0.998706,8,3
219,300,100,0.998386,9,3
220,0,100,0.0,0,3
221,0,100,0.0,1,3
222,0,100,0.0,2,3
223,0,100,0.0,3,3
224,0,100,0.0,4,3
225,0,100,0.0,5,3
226,0,100,0.0,6,3
227,0,100,0.0,7,3
228,0,100,0.0,8,3
229,0,100,0.0,9,3
230,30,100,0.149986,0,3
231,30,100,0.149954,1,3
232,30,100,0.150008,2,3
233,30,100,0.149948,3,3
234,30,100,0.149936,4,3
235,30,100,0.14996,5,3
236,30,100,0.149958,6,3
237,30,100,0.149968,7,3
238,30,100,0.149954,8,3
239,30,100,0.14994,9,3
240,60,100,0.299958,0,3
241,60,100,0.299876,1,3
242,60,100,0.299876,2,3
243,60,100,0.29985,3,3
244,60,100,0.299846,4,3
245,60,100,0.29987,5,3
246,60,100,0.2998,6,3
247,60,100,0.299852,7,3
248,60,100,0.299854,8,3
249,60,100,0.29985,9,3
250,90,100,0.449872,0,3
251,90,100,0.44963,1,3
252,90,100,0.449602,2,3
253,90,100,0.44948,3,3
254,90,100,0.449604,4,3
255,90,100,0.449538,5,3
256,90,100,0.44953,6,3
257,90,100,0.449518,7,3
258,90,100,0.449556,8,3
259,90,100,0.44969,9,3
260,120,100,0.599308,0,3
261,120,100,0.599434,1,3
262,120,100,0.599192,2,3
263,120,100,0.59893,3,3
264,120,100,0.599294,4,3
265,120,100,0.598902,5,3
266,120,100,0.599218,6,3
267,120,100,0.599128,7,3
268,120,100,0.59881,8,3
269,120,100,0.599128,9,3
270,150,100,0.74805,0,3
271,150,100,0.749044,1,3
272,150,100,0.748594,2,3
273,150,100,0.747816,3,3
274,150,100,0.747724,4,3
275,150,100,0.74843,5,3
276,150,100,0.747934,6,3
277,150,100,0.748286,7,3
278,150,100,0.748008,8,3
279,150,100,0.747938,9,3
280,180,100,0.86768,0,3
281,180,100,0.897802,1,3
282,180,100,0.895466,2,3
283,180,100,0.895626,3,3
284,180,100,0.89511,4,3
285,180,100,0.895962,5,3
286,180,100,0.892082,6,3
287,180,100,0.894788,7,3
288,180,100,0.89588,8,3
289,180,100,0.895168,9,3
290,210,100,0.920496,0,3
291,210,100,0.858082,1,3
292,210,100,0.996052,2,3
293,210,100,0.996096,3,3
294,210,100,0.99171,4,3
295,210,100,0.989114,5,3
296,210,100,0.992928,6,3
297,210,100,0.989382,7,3
298,210,100,0.990972,8,3
299,210,100,0.995038,9,3
300,240,100,0.996704,0,3
301,240,100,0.895658,1,3
302,240,100,0.998084,2,3
303,240,100,0.997806,3,3
304,240,100,0.99671,4,3
305,240,100,0.997118,5,3
306,240,100,0.995952,6,3
307,240,100,0.997594,7,3
308,240,100,0.997444,8,3
309,240,100,0.997412,9,3
310,270,100,0.999264,0,3
311,270,100,0.933124,1,3
312,270,100,0.998594,2,3
313,270,100,0.998582,3,3
314,270,100,0.99775,4,3
315,270,100,0.997628,5,3
316,270,100,0.997672,6,3
317,270,100,0.998148,7,3
318,270,100,0.99772,8,3
319,270,100,0.998226,9,3
320,300,100,1.000136,0,3
321,300,100,0.968334,1,3
322,300,100,0.997348,2,3
323,300,100,0.998934,3,3
324,300,100,0.998524,4,3
325,300,100,0.998752,5,3
326,300,100,0.998504,6,3
327,300,100,0.998258,7,3
328,300,100,0.99869,8,3
329,300,100,0.998232,9,3
330,0,100,0.0,0,3
331,0,100,0.0,1,3
332,0,100,0.0,2,3
333,0,100,0.0,3,3
334,0,100,0.0,4,3
335,0,100,0.0,5,3
336,0,100,0.0,6,3
337,0,100,0.0,7,3
338,0,100,0.0,8,3
339,0,100,0.0,9,3
340,30,100,0.149958,0,3
341,30,100,0.14995,1,3
342,30,100,0.149992,2,3
343,30,100,0.149952,3,3
344,30,100,0.149948,4,3
345,30,100,0.149922,5,3
346,30,100,0.149996,6,3
347,30,100,0.14994,7,3
348,30,100,0.149972,8,3
349,30,100,0.149948,9,3
350,60,100,0.299928,0,3
351,60,100,0.299864,1,3
352,60,100,0.299852,2,3
353,60,100,0.299828,3,3
354,60,100,0.299816,4,3
355,60,100,0.299836,5,3
356,60,100,0.299842,6,3
357,60,100,0.299804,7,3
358,60,100,0.29982,8,3
359,60,100,0.29978,9,3
360,90,100,0.449748,0,3
361,90,100,0.449672,1,3
362,90,100,0.449488,2,3
363,90,100,0.449658,3,3
364,90,100,0.449506,4,3
365,90,100,0.449582,5,3
366,90,100,0.449592,6,3
367,90,100,0.449664,7,3
368,90,100,0.449646,8,3
369,90,100,0.449638,9,3
370,120,100,0.599348,0,3
371,120,100,0.599508,1,3
372,120,100,0.599202,2,3
373,120,100,0.59908,3,3
374,120,100,0.59897,4,3
375,120,100,0.598834,5,3
376,120,100,0.599056,6,3
377,120,100,0.599212,7,3
378,120,100,0.599326,8,3
379,120,100,0.59925,9,3
380,150,100,0.748056,0,3
381,150,100,0.749168,1,3
382,150,100,0.748214,2,3
383,150,100,0.74776,3,3
384,150,100,0.747188,4,3
385,150,100,0.748098,5,3
386,150,100,0.748038,6,3
387,150,100,0.748244,7,3
388,150,100,0.748376,8,3
389,150,100,0.748598,9,3
390,180,100,0.89401,0,3
391,180,100,0.89793,1,3
392,180,100,0.896984,2,3
393,180,100,0.897336,3,3
394,180,100,0.895424,4,3
395,180,100,0.896462,5,3
396,180,100,0.89706,6,3
397,180,100,0.892982,7,3
398,180,100,0.895774,8,3
399,180,100,0.895204,9,3
400,210,100,0.986212,0,3
401,210,100,0.858336,1,3
402,210,100,0.994554,2,3
403,210,100,0.99462,3,3
404,210,100,0.993748,4,3
405,210,100,0.993718,5,3
406,210,100,0.991912,6,3
407,210,100,0.993608,7,3
408,210,100,0.995102,8,3
409,210,100,0.99563,9,3
410,240,100,0.997456,0,3
411,240,100,0.893108,1,3
412,240,100,0.997848,2,3
413,240,100,0.996988,3,3
414,240,100,0.99712,4,3
415,240,100,0.997212,5,3
416,240,100,0.9973,6,3
417,240,100,0.997108,7,3
418,240,100,0.997398,8,3
419,240,100,0.997492,9,3
420,270,100,0.999336,0,3
421,270,100,0.934302,1,3
422,270,100,0.882248,2,3
423,270,100,0.998146,3,3
424,270,100,0.997958,4,3
425,270,100,0.998408,5,3
426,270,100,0.997292,6,3
427,270,100,0.998206,7,3
428,270,100,0.996854,8,3
429,270,100,0.997866,9,3
430,300,100,0.99957,0,3
431,300,100,0.968186,1,3
432,300,100,0.998506,2,3
433,300,100,0.998562,3,3
434,300,100,0.998572,4,3
435,300,100,0.99799,5,3
436,300,100,0.998968,6,3
437,300,100,0.99844,7,3
438,300,100,0.998836,8,3
439,300,100,0.99841,9,3
440,0,100,0.0,0,3
441,0,100,0.0,1,3
442,0,100,0.0,2,3
443,0,100,0.0,3,3
444,0,100,0.0,4,3
445,0,100,0.0,5,3
446,0,100,0.0,6,3
447,0,100,0.0,7,3
448,0,100,0.0,8,3
449,0,100,0.0,9,3
450,30,100,0.149988,0,3
451,30,100,0.15,1,3
452,30,100,0.149944,2,3
453,30,100,0.14994,3,3
454,30,100,0.149994,4,3
455,30,100,0.149934,5,3
456,30,100,0.149966,6,3
457,30,100,0.149928,7,3
458,30,100,0.149954,8,3
459,30,100,0.149914,9,3
460,60,100,0.299868,0,3
461,60,100,0.299904,1,3
462,60,100,0.299864,2,3
463,60,100,0.299766,3,3
464,60,100,0.29991,4,3
465,60,100,0.299828,5,3
466,60,100,0.299896,6,3
467,60,100,0.299914,7,3
468,60,100,0.299764,8,3
469,60,100,0.299832,9,3
470,90,100,0.44984,0,3
471,90,100,0.449684,1,3
472,90,100,0.449696,2,3
473,90,100,0.449578,3,3
474,90,100,0.449632,4,3
475,90,100,0.449506,5,3
476,90,100,0.449616,6,3
477,90,100,0.449416,7,3
478,90,100,0.449628,8,3
479,90,100,0.449658,9,3
480,120,100,0.599298,0,3
481,120,100,0.599538,1,3
482,120,100,0.599396,2,3
483,120,100,0.599284,3,3
484,120,100,0.598732,4,3
485,120,100,0.598952,5,3
486,120,100,0.598968,6,3
487,120,100,0.59918,7,3
488,120,100,0.5994,8,3
489,120,100,0.599078,9,3
490,150,100,0.747422,0,3
491,150,100,0.748786,1,3
492,150,100,0.748566,2,3
493,150,100,0.748384,3,3
494,150,100,0.74814,4,3
495,150,100,0.748506,5,3
496,150,100,0.748452,6,3
497,150,100,0.74803,7,3
498,150,100,0.747682,8,3
499,150,100,0.747858,9,3
500,180,100,0.817404,0,3
501,180,100,0.897448,1,3
502,180,100,0.896274,2,3
503,180,100,0.895184,3,3
504,180,100,0.896008,4,3
505,180,100,0.89645,5,3
506,180,100,0.89669,6,3
507,180,100,0.897146,7,3
508,180,100,0.896744,8,3
509,180,100,0.89678,9,3
510,210,100,0.993576,0,3
511,210,100,0.855888,1,3
512,210,100,0.996148,2,3
513,210,100,0.994192,3,3
514,210,100,0.993986,4,3
515,210,100,0.993174,5,3
516,210,100,0.990872,6,3
517,210,100,0.992688,7,3
518,210,100,0.989064,8,3
519,210,100,0.993954,9,3
520,240,100,0.997556,0,3
521,240,100,0.895018,1,3
522,240,100,0.99655,2,3
523,240,100,0.99787,3,3
524,240,100,0.997328,4,3
525,240,100,0.997538,5,3
526,240,100,0.996688,6,3
527,240,100,0.996074,7,3
528,240,100,0.993636,8,3
529,240,100,0.997354,9,3
530,270,100,0.999482,0,3
531,270,100,0.931888,1,3
532,270,100,0.998498,2,3
533,270,100,0.998246,3,3
534,270,100,0.998196,4,3
535,270,100,0.997786,5,3
536,270,100,0.998116,6,3
537,270,100,0.99831,7,3
538,270,100,0.998206,8,3
539,270,100,0.99759,9,3
540,300,100,1.000166,0,3
541,300,100,0.969732,1,3
542,300,100,0.997104,2,3
543,300,100,0.999096,3,3
544,300,100,0.99867,4,3
545,300,100,0.998664,5,3
546,300,100,0.998478,6,3
547,300,100,0.998546,7,3
548,300,100,0.99845,8,3
549,300,100,0.998526,9,3
550,0,100,0.0,0,3
551,0,100,0.0,1,3
552,0,100,0.0,2,3
553,0,100,0.0,3,3
554,0,100,0.0,4,3
555,0,100,0.0,5,3
556,0,100,0.0,6,3
557,0,100,0.0,7,3
558,0,100,0.0,8,3
559,0,100,0.0,9,3
560,30,100,0.149976,0,3
561,30,100,0.149964,1,3
562,30,100,0.14996,2,3
563,30,100,0.149944,3,3
564,30,100,0.149924,4,3
565,30,100,0.14996,5,3
566,30,100,0.149986,6,3
567,30,100,0.149878,7,3
568,30,100,0.149964,8,3
569,30,100,0.14994,9,3
570,60,100,0.299942,0,3
571,60,100,0.299864,1,3
572,60,100,0.299794,2,3
573,60,100,0.299774,3,3
574,60,100,0.29992,4,3
575,60,100,0.299788,5,3
576,60,100,0.299792,6,3
577,60,100,0.299798,7,3
578,60,100,0.299828,8,3
579,60,100,0.29992,9,3
580,90,100,0.449834,0,3
581,90,100,0.449652,1,3
582,90,100,0.44976,2,3
583,90,100,0.4495,3,3
584,90,100,0.449526,4,3
585,90,100,0.449508,5,3
586,90,100,0.44967,6,3
587,90,100,0.44948,7,3
588,90,100,0.449592,8,3
589,90,100,0.449678,9,3
590,120,100,0.599362,0,3
591,120,100,0.599506,1,3
592,120,100,0.599218,2,3
593,120,100,0.599248,3,3
594,120,100,0.59888,4,3
595,120,100,0.599204,5,3
596,120,100,0.59893,6,3
597,120,100,0.599056,7,3
598,120,100,0.599402,8,3
599,120,100,0.599354,9,3
600,150,100,0.748362,0,3
601,150,100,0.749176,1,3
602,150,100,0.748722,2,3
603,150,100,0.7483,3,3
604,150,100,0.748592,4,3
605,150,100,0.74814,5,3
606,150,100,0.748196,6,3
607,150,100,0.748224,7,3
608,150,100,0.748352,8,3
609,150,100,0.748402,9,3
610,180,100,0.81669,0,3
611,180,100,0.897654,1,3
612,180,100,0.896732,2,3
613,180,100,0.895004,3,3
614,180,100,0.895304,4,3
615,180,100,0.89551,5,3
616,180,100,0.89565,6,3
617,180,100,0.897386,7,3
618,180,100,0.895782,8,3
619,180,100,0.895712,9,3
620,210,100,0.980746,0,3
621,210,100,0.925528,1,3
622,210,100,0.995136,2,3
623,210,100,0.99575,3,3
624,210,100,0.992604,4,3
625,210,100,0.994336,5,3
626,210,100,0.992998,6,3
627,210,100,0.994898,7,3
628,210,100,0.993098,8,3
629,210,100,0.992288,9,3
630,240,100,0.99828,0,3
631,240,100,0.89815,1,3
632,240,100,0.997842,2,3
633,240,100,0.997468,3,3
634,240,100,0.997154,4,3
635,240,100,0.99694,5,3
636,240,100,0.996616,6,3
637,240,100,0.996148,7,3
638,240,100,0.995538,8,3
639,240,100,0.995392,9,3
640,270,100,0.999474,0,3
641,270,100,0.93223,1,3
642,270,100,0.993552,2,3
643,270,100,0.998206,3,3
644,270,100,0.998002,4,3
645,270,100,0.997974,5,3
646,270,100,0.997936,6,3
647,270,100,0.997864,7,3
648,270,100,0.997884,8,3
649,270,100,0.997314,9,3
650,300,100,1.000196,0,3
651,300,100,0.969076,1,3
652,300,100,0.998686,2,3
653,300,100,0.99879,3,3
654,300,100,0.998822,4,3
655,300,100,0.99835,5,3
656,300,100,0.998356,6,3
657,300,100,0.999124,7,3
658,300,100,0.99865,8,3
659,300,100,0.998522,9,3
660,0,100,0.0,0,3
661,0,100,0.0,1,3
662,0,100,0.0,2,3
663,0,100,0.0,3,3
664,0,100,0.0,4,3
665,0,100,0.0,5,3
666,0,100,0.0,6,3
667,0,100,0.0,7,3
668,0,100,0.0,8,3
669,0,100,0.0,9,3
670,30,100,0.149982,0,3
671,30,100,0.14998,1,3
672,30,100,0.149924,2,3
673,30,100,0.14997,3,3
674,30,100,0.149962,4,3
675,30,100,0.149976,5,3
676,30,100,0.149982,6,3
677,30,100,0.14993,7,3
678,30,100,0.149956,8,3
679,30,100,0.14995,9,3
680,60,100,0.299944,0,3
681,60,100,0.299878,1,3
682,60,100,0.299808,2,3
683,60,100,0.299774,3,3
684,60,100,0.299856,4,3
685,60,100,0.299844,5,3
686,60,100,0.299832,6,3
687,60,100,0.299788,7,3
688,60,100,0.29983,8,3
689,60,100,0.299858,9,3
690,90,100,0.449804,0,3
691,90,100,0.449652,1,3
692,90,100,0.449572,2,3
693,90,100,0.449802,3,3
694,90,100,0.44966,4,3
695,90,100,0.44953,5,3
696,90,100,0.44942,6,3
697,90,100,0.449602,7,3
698,90,100,0.44968,8,3
699,90,100,0.449624,9,3
700,120,100,0.599426,0,3
701,120,100,0.599468,1,3
702,120,100,0.5993,2,3
703,120,100,0.599182,3,3
704,120,100,0.598752,4,3
705,120,100,0.59913,5,3
706,120,100,0.599222,6,3
707,120,100,0.599054,7,3
708,120,100,0.599154,8,3
709,120,100,0.599018,9,3
710,150,100,0.74793,0,3
711,150,100,0.749024,1,3
712,150,100,0.748792,2,3
713,150,100,0.747912,3,3
714,150,100,0.748058,4,3
715,150,100,0.747854,5,3
716,150,100,0.747764,6,3
717,150,100,0.747934,7,3
718,150,100,0.748356,8,3
719,150,100,0.748484,9,3
720,180,100,0.895314,0,3
721,180,100,0.89784,1,3
722,180,100,0.89671,2,3
723,180,100,0.896526,3,3
724,180,100,0.895164,4,3
725,180,100,0.895974,5,3
726,180,100,0.89558,6,3
727,180,100,0.89661,7,3
728,180,100,0.89456,8,3
729,180,100,0.894974,9,3
730,210,100,0.986746,0,3
731,210,100,0.859162,1,3
732,210,100,0.994212,2,3
733,210,100,0.994906,3,3
734,210,100,0.995874,4,3
735,210,100,0.988744,5,3
736,210,100,0.986492,6,3
737,210,100,0.98707,7,3
738,210,100,0.992296,8,3
739,210,100,0.994002,9,3
740,240,100,0.99805,0,3
741,240,100,0.8972,1,3
742,240,100,0.998172,2,3
743,240,100,0.996202,3,3
744,240,100,0.997142,4,3
745,240,100,0.996638,5,3
746,240,100,0.997332,6,3
747,240,100,0.997148,7,3
748,240,100,0.995998,8,3
749,240,100,0.996448,9,3
750,270,100,0.999252,0,3
751,270,100,0.932022,1,3
752,270,100,0.998392,2,3
753,270,100,0.998384,3,3
754,270,100,0.998046,4,3
755,270,100,0.997868,5,3
756,270,100,0.998456,6,3
757,270,100,0.997744,7,3
758,270,100,0.998646,8,3
759,270,100,0.998072,9,3
760,300,100,1.000158,0,3
761,300,100,0.970096,1,3
762,300,100,0.998934,2,3
763,300,100,0.998802,3,3
764,300,100,0.998634,4,3
765,300,100,0.998828,5,3
766,300,100,0.99844,6,3
767,300,100,0.99821,7,3
768,300,100,0.9987,8,3
769,300,100,0.998738,9,3
770,0,100,0.0,0,3
771,0,100,0.0,1,3
772,0,100,0.0,2,3
773,0,100,0.0,3,3
774,0,100,0.0,4,3
775,0,100,0.0,5,3
776,0,100,0.0,6,3
777,0,100,0.0,7,3
778,0,100,0.0,8,3
779,0,100,0.0,9,3
780,30,100,0.14997,0,3
781,30,100,0.149948,1,3
782,30,100,0.149924,2,3
783,30,100,0.14996,3,3
784,30,100,0.149962,4,3
785,30,100,0.149956,5,3
786,30,100,0.149972,6,3
787,30,100,0.149932,7,3
788,30,100,0.149986,8,3
789,30,100,0.149956,9,3
790,60,100,0.299924,0,3
791,60,100,0.299916,1,3
792,60,100,0.29983,2,3
793,60,100,0.299816,3,3
794,60,100,0.299826,4,3
795,60,100,0.299866,5,3
796,60,100,0.299912,6,3
797,60,100,0.299884,7,3
798,60,100,0.299884,8,3
799,60,100,0.299906,9,3
800,90,100,0.44986,0,3
801,90,100,0.449786,1,3
802,90,100,0.44965,2,3
803,90,100,0.449626,3,3
804,90,100,0.449596,4,3
805,90,100,0.449614,5,3
806,90,100,0.44973,6,3
807,90,100,0.44954,7,3
808,90,100,0.449472,8,3
809,90,100,0.449354,9,3
810,120,100,0.59959,0,3
811,120,100,0.599512,1,3
812,120,100,0.599272,2,3
813,120,100,0.598474,3,3
814,120,100,0.599134,4,3
815,120,100,0.599294,5,3
816,120,100,0.599006,6,3
817,120,100,0.59923,7,3
818,120,100,0.598982,8,3
819,120,100,0.599138,9,3
820,150,100,0.746434,0,3
821,150,100,0.749034,1,3
822,150,100,0.747978,2,3
823,150,100,0.748418,3,3
824,150,100,0.74807,4,3
825,150,100,0.748166,5,3
826,150,100,0.747944,6,3
827,150,100,0.748386,7,3
828,150,100,0.748028,8,3
829,150,100,0.7486,9,3
830,180,100,0.891342,0,3
831,180,100,0.897798,1,3
832,180,100,0.896828,2,3
833,180,100,0.895962,3,3
834,180,100,0.894696,4,3
835,180,100,0.89661,5,3
836,180,100,0.89448,6,3
837,180,100,0.895524,7,3
838,180,100,0.892762,8,3
839,180,100,0.895024,9,3
840,210,100,0.904252,0,3
841,210,100,0.856572,1,3
842,210,100,0.99574,2,3
843,210,100,0.994312,3,3
844,210,100,0.994004,4,3
845,210,100,0.98873,5,3
846,210,100,0.993732,6,3
847,210,100,0.991882,7,3
848,210,100,0.99025,8,3
849,210,100,0.994308,9,3
850,240,100,0.99778,0,3
851,240,100,0.89482,1,3
852,240,100,0.997452,2,3
853,240,100,0.997344,3,3
854,240,100,0.99675,4,3
855,240,100,0.996928,5,3
856,240,100,0.995542,6,3
857,240,100,0.99748,7,3
858,240,100,0.992728,8,3
859,240,100,0.997254,9,3
860,270,100,0.99948,0,3
861,270,100,0.93329,1,3
862,270,100,0.998476,2,3
863,270,100,0.998406,3,3
864,270,100,0.998406,4,3
865,270,100,0.998016,5,3
866,270,100,0.997814,6,3
867,270,100,0.997666,7,3
868,270,100,0.998106,8,3
869,270,100,0.997634,9,3
870,300,100,1.00023,0,3
871,300,100,0.968676,1,3
872,300,100,0.998754,2,3
873,300,100,0.998742,3,3
874,300,100,0.998868,4,3
875,300,100,0.99859,5,3
876,300,100,0.99884,6,3
877,300,100,0.998524,7,3
878,300,100,0.998282,8,3
879,300,100,0.998692,9,3
880,0,100,0.0,0,3
881,0,100,0.0,1,3
882,0,100,0.0,2,3
883,0,100,0.0,3,3
884,0,100,0.0,4,3
885,0,100,0.0,5,3
886,0,100,0.0,6,3
887,0,100,0.0,7,3
888,0,100,0.0,8,3
889,0,100,0.0,9,3
890,30,100,0.15001,0,3
891,30,100,0.149954,1,3
892,30,100,0.149984,2,3
893,30,100,0.14998,3,3
894,30,100,0.149996,4,3
895,30,100,0.149972,5,3
896,30,100,0.149964,6,3
897,30,100,0.149962,7,3
898,30,100,0.149928,8,3
899,30,100,0.149968,9,3
900,60,100,0.299914,0,3
901,60,100,0.299816,1,3
902,60,100,0.299802,2,3
903,60,100,0.299876,3,3
904,60,100,0.299836,4,3
905,60,100,0.299894,5,3
906,60,100,0.299834,6,3
907,60,100,0.29975,7,3
908,60,100,0.29981,8,3
909,60,100,0.29988,9,3
910,90,100,0.449868,0,3
911,90,100,0.449734,1,3
912,90,100,0.449564,2,3
913,90,100,0.449568,3,3
914,90,100,0.449732,4,3
915,90,100,0.449724,5,3
916,90,100,0.4496,6,3
917,90,100,0.449484,7,3
918,90,100,0.449558,8,3
919,90,100,0.449514,9,3
920,120,100,0.599432,0,3
921,120,100,0.59951,1,3
922,120,100,0.599338,2,3
923,120,100,0.599156,3,3
924,120,100,0.599272,4,3
925,120,100,0.599336,5,3
926,120,100,0.599066,6,3
927,120,100,0.598772,7,3
928,120,100,0.599364,8,3
929,120,100,0.599444,9,3
930,150,100,0.746496,0,3
931,150,100,0.749044,1,3
932,150,100,0.74843,2,3
933,150,100,0.748116,3,3
934,150,100,0.748212,4,3
935,150,100,0.748128,5,3
936,150,100,0.747864,6,3
937,150,100,0.74808,7,3
938,150,100,0.747836,8,3
939,150,100,0.747954,9,3
940,180,100,0.81654,0,3
941,180,100,0.893446,1,3
942,180,100,0.896088,2,3
943,180,100,0.894646,3,3
944,180,100,0.89361,4,3
945,180,100,0.897302,5,3
946,180,100,0.893532,6,3
947,180,100,0.89338,7,3
948,180,100,0.896236,8,3
949,180,100,0.896512,9,3
950,210,100,0.904904,0,3
951,210,100,0.858664,1,3
952,210,100,0.995398,2,3
953,210,100,0.99055,3,3
954,210,100,0.991128,4,3
955,210,100,0.991022,5,3
956,210,100,0.992222,6,3
957,210,100,0.991554,7,3
958,210,100,0.994268,8,3
959,210,100,0.992986,9,3
960,240,100,0.99704,0,3
961,240,100,0.897862,1,3
962,240,100,0.998028,2,3
963,240,100,0.997512,3,3
964,240,100,0.997022,4,3
965,240,100,0.996972,5,3
966,240,100,0.995222,6,3
967,240,100,0.997148,7,3
968,240,100,0.997392,8,3
969,240,100,0.9973,9,3
970,270,100,0.999462,0,3
971,270,100,0.934218,1,3
972,270,100,0.998584,2,3
973,270,100,0.99801,3,3
974,270,100,0.996996,4,3
975,270,100,0.998052,5,3
976,270,100,0.998086,6,3
977,270,100,0.99762,7,3
978,270,100,0.997846,8,3
979,270,100,0.997726,9,3
980,300,100,1.000014,0,3
981,300,100,0.968086,1,3
982,300,100,0.998798,2,3
983,300,100,0.998678,3,3
984,300,100,0.998462,4,3
985,300,100,0.998566,5,3
986,300,100,0.998454,6,3
987,300,100,0.998908,7,3
988,300,100,0.998736,8,3
989,300,100,0.998662,9,3
990,0,100,0.0,0,3
991,0,100,0.0,1,3
992,0,100,0.0,2,3
993,0,100,0.0,3,3
994,0,100,0.0,4,3
995,0,100,0.0,5,3
996,0,100,0.0,6,3
997,0,100,0.0,7,3
998,0,100,0.0,8,3
999,0,100,0.0,9,3
1000,30,100,0.149982,0,3
1001,30,100,0.14999,1,3
1002,30,100,0.149984,2,3
1003,30,100,0.149942,3,3
1004,30,100,0.149948,4,3
1005,30,100,0.149968,5,3
1006,30,100,0.149946,6,3
1007,30,100,0.14996,7,3
1008,30,100,0.149968,8,3
1009,30,100,0.149934,9,3
1010,60,100,0.299944,0,3
1011,60,100,0.299874,1,3
1012,60,100,0.29986,2,3
1013,60,100,0.299848,3,3
1014,60,100,0.29973,4,3
1015,60,100,0.299884,5,3
1016,60,100,0.299878,6,3
1017,60,100,0.299846,7,3
1018,60,100,0.299792,8,3
1019,60,100,0.299798,9,3
1020,90,100,0.44966,0,3
1021,90,100,0.449688,1,3
1022,90,100,0.44958,2,3
1023,90,100,0.449582,3,3
1024,90,100,0.449544,4,3
1025,90,100,0.449558,5,3
1026,90,100,0.449592,6,3
1027,90,100,0.44964,7,3
1028,90,100,0.44966,8,3
1029,90,100,0.449586,9,3
1030,120,100,0.599442,0,3
1031,120,100,0.599546,1,3
1032,120,100,0.599024,2,3
1033,120,100,0.599228,3,3
1034,120,100,0.599238,4,3
1035,120,100,0.599282,5,3
1036,120,100,0.599066,6,3
1037,120,100,0.599216,7,3
1038,120,100,0.599098,8,3
1039,120,100,0.59874,9,3
1040,150,100,0.744866,0,3
1041,150,100,0.748964,1,3
1042,150,100,0.74861,2,3
1043,150,100,0.748682,3,3
1044,150,100,0.748358,4,3
1045,150,100,0.747892,5,3
1046,150,100,0.748658,6,3
1047,150,100,0.74824,7,3
1048,150,100,0.747958,8,3
1049,150,100,0.747668,9,3
1050,180,100,0.822508,0,3
1051,180,100,0.89784,1,3
1052,180,100,0.897192,2,3
1053,180,100,0.89602,3,3
1054,180,100,0.896942,4,3
1055,180,100,0.894984,5,3
1056,180,100,0.894814,6,3
1057,180,100,0.89504,7,3
1058,180,100,0.894028,8,3
1059,180,100,0.894626,9,3
1060,210,100,0.993286,0,3
1061,210,100,0.856194,1,3
1062,210,100,0.996436,2,3
1063,210,100,0.994802,3,3
1064,210,100,0.994408,4,3
1065,210,100,0.991314,5,3
1066,210,100,0.99169,6,3
1067,210,100,0.99512,7,3
1068,210,100,0.99262,8,3
1069,210,100,0.989968,9,3
1070,240,100,0.990468,0,3
1071,240,100,0.89599,1,3
1072,240,100,0.99807,2,3
1073,240,100,0.99751,3,3
1074,240,100,0.997616,4,3
1075,240,100,0.997146,5,3
1076,240,100,0.996606,6,3
1077,240,100,0.996954,7,3
1078,240,100,0.994078,8,3
1079,240,100,0.996518,9,3
1080,270,100,0.999032,0,3
1081,270,100,0.93226,1,3
1082,270,100,0.998638,2,3
1083,270,100,0.998722,3,3
1084,270,100,0.998148,4,3
1085,270,100,0.997986,5,3
1086,270,100,0.997412,6,3
1087,270,100,0.996858,7,3
1088,270,100,0.998468,8,3
1089,270,100,0.998022,9,3
1090,300,100,1.000086,0,3
1091,300,100,0.969112,1,3
1092,300,100,0.99934,2,3
1093,300,100,0.998662,3,3
1094,300,100,0.998556,4,3
1095,300,100,0.998698,5,3
1096,300,100,0.99859,6,3
1097,300,100,0.998288,7,3
1098,300,100,0.9985,8,3
1099,300,100,0.998646,9,3
